claim_id,claim_text,evidence_id,evidence_text,claim_label
claim-752,[south australia] expensive electricity world,"['evidence-67732', 'evidence-572512']",[citation needed] south australia highest retail price electricity country south australia highest power prices world,SUPPORTS
claim-375,3 per cent total annual global emissions carbon dioxide humans australia prod­uces 1 3 per cent 3 per cent amount emissions reductio­n effect global climate,"['evidence-996421', 'evidence-1080858', 'evidence-208053', 'evidence-699212', 'evidence-832334']",2011 unep green economy report states [a]agricultural operations excluding land use changes produce approximately 13 per cent anthropogenic global ghg emissions market share 30% potentially clean electricity heat pumps could reduce global co 2 emissions 8% annually modern era emissions atmosphere volcanoes approximately 0 645 billion tonnes co 2 per year whereas humans contribute 29 billion tonnes co 2 year cumulative anthropogenic e human-emitted emissions co 2 fossil fuel use major cause global warming give indication countries contributed human-induced climate change countries fast growing emissions south korea iran australia apart oil rich persian gulf states highest percapita emission rate world,NOT_ENOUGH_INFO
claim-1266,means world 1c warmer pre-industrial times,"['evidence-889933', 'evidence-694262']",multiple independently produced instrumental datasets confirm 2009–2018 decade 0 93 ± 0 07 °c warmer pre-industrial baseline 1850–1900 planet 0 8 °c warmer pre-industrial times,SUPPORTS
claim-871,“as happens zika may also good model second worrying effect — disease mutation,"['evidence-422399', 'evidence-702226', 'evidence-286834', 'evidence-472751', 'evidence-641043']",genetic disorders result deleterious mutations due spontaneous mutation affected individual inherited errors called mutations affect phenotype organism especially occur within protein coding sequence gene especially useful studying diseases adults allowing expression certain period growth thus eliminating deleterious effect gene expression seen stages development model organisms addition research needed determine mechanism zika produced effects zika also appears equal tropism cells developing eye leading high rates eye abnormalities well,NOT_ENOUGH_INFO
claim-2164,greenland lost tiny fraction ice mass,"['evidence-52981', 'evidence-264761', 'evidence-947243', 'evidence-424102']",iceberg calving happened average greenland lost 294 gt mass 2007 one km3 ice weighs 0 9 gt findings show greenland lost 3 8 trillion tonnes ice since 1992 enough raise sea levels almost 11mm 1 06cm greenland glaciers losing ice much faster study says 2010 mountain lost 80 percent ice — two-thirds since another scientific expedition 1970s,REFUTES
claim-1607,co2 limits cool planet,"['evidence-913997', 'evidence-955328', 'evidence-401235', 'evidence-915569', 'evidence-370378']",less energy reaches upper atmosphere therefore cooler absorption occupational co 2 exposure limits set united states 0 5% 5000 ppm eight-hour period temperature rises closer value white daisies like white daisies outreproduce black daisies leading larger percentage white surface sunlight reflected reducing heat input eventually cooling planet global warming long-term rise average temperature earth climate system cloud cover increases sunlight reflected back space cooling planet,NOT_ENOUGH_INFO
claim-761,[riebesell] world authority topic typically communicated cautiously effects acidification,"['evidence-1129386', 'evidence-456747', 'evidence-625922', 'evidence-590068', 'evidence-741718']",perhaps one recent adverse effects climate change explored ocean acidification climate change accurate scientifically describe various effects greenhouse gases world includes extreme weather storms changes rainfall patterns ocean acidification sea level direction magnitude effects ocean acidification warming deoxygenation ocean quantified meta-analyses tested mesocosm studies 2013 meta‐analysis reveals complex marine biological responses interactive effects ocean acidification warming informed chemical oceanography studies behavior elements molecules within oceans particularly moment ocean role carbon cycle carbon dioxide role increasing acidification seawater,NOT_ENOUGH_INFO
claim-1718,actual data show high northern latitudes warmer today 1940,"['evidence-857561', 'evidence-1150493']",however expected future warming follow similar geographical pattern seen already greatest warming land high northern latitudes least southern ocean parts north atlantic ocean changes regional climate expected include greater warming land warming high northern latitudes least warming southern ocean parts north atlantic ocean,SUPPORTS
claim-1273,rapid changes climate may profound consequences humans species… severe drought caused food shortages millions people ethiopia lack rainfall resulting “intense widespread” forest fires indonesia belched vast quantity greenhouse gas,"['evidence-659559', 'evidence-181656', 'evidence-499929', 'evidence-354699']",according wwf combination climate change deforestation increases drying effect dead trees fuels forest fires recurring droughts leading desertification east africa created grave ecological catastrophes prompting food shortages 1984–85 2006 2011 17-year-long civil war along severe drought negatively impacted ethiopia environmental conditions leading even greater habitat degradation primary cause famine one largest seen country ethiopia surrounding horn still recovering droughts occurred mid-late 1970s,SUPPORTS
claim-1786,cfcs contribute global waerming small level,"['evidence-845527', 'evidence-105411', 'evidence-323167']",hydrofluorocarbons included kyoto protocol high global warming potential facing calls regulated montreal protocol[dubious – discuss] due recognition halocarbon contributions climate change however hydrochlorofluorocarbons hcfcs hydrofluorocarbons hfcs thought contribute anthropogenic global warming however greenhouse gases high global warming potential gwp comparable cfcs hcfcs,REFUTES
claim-2796,used currently accepted value approximately 3°c warming doubling atmospheric co2 hansen would correctly projected ensuing global warming,['evidence-210167'],alternate scenario would keep warming climate sensitivity 3 °c doubled co 2,SUPPORTS
claim-2580,volcanoes emit around 0 3 billion tonnes co2 per year,"['evidence-15399', 'evidence-243372']",volcano produces 400 000 ± 100 000 tonnes per year 400 000 ± 100 000 t/a co 2 0 2–0 6% worldwide co 2 flux subaerial volcanoes volcanic activity releases 130 230 teragrams 145 million 255 million short tons carbon dioxide year,DISPUTED
claim-1219,global warming driving major melting surface greenland’s glaciers speeding travel sea ”,"['evidence-88825', 'evidence-1127398', 'evidence-1115033']",surface temperature increases greatest arctic contributed retreat glaciers permafrost sea ice acceleration due mostly human-caused global warming driving thermal expansion seawater melting land-based ice sheets glaciers global warming could lead increase freshwater northern oceans melting glaciers greenland increasing precipitation especially siberian rivers,SUPPORTS
claim-75,science clear climate change making extreme weather events including tornadoes worse,"['evidence-940688', 'evidence-985094', 'evidence-8304', 'evidence-653981', 'evidence-789848']",main impact global warming weather increase extreme weather events heat waves droughts cyclones blizzards rainstorms documented long-term climate changes include changes arctic temperatures ice widespread changes precipitation amounts ocean salinity wind patterns extreme weather including droughts heavy precipitation heat waves intensity tropical cyclones earth climate warms seeing many changes stronger destructive hurricanes heavier rainfall disastrous flooding areas world experiencing severe drought heat waves could lead changing emissions scenarios unpredictable weather patterns around world less frost days extreme events droughts storm flood disasters warmer sea temperatures melting glaciers causing sea levels rise climate change caused human activities emit greenhouse gases air expected affect frequency extreme weather events drought extreme temperatures flooding high winds severe storms,SUPPORTS
claim-2813,fact authors go estimate climate sensitivity findings calculate value 2 3 4 1°c,"['evidence-679700', 'evidence-158204', 'evidence-1049371', 'evidence-358515', 'evidence-920160']",ipcc literature assessment estimates tcr likely lies 1 °c 2 5 °c constant humidity computed climate sensitivity 2 3 °c per doubling co2 rounded 2 value often quoted work abstract paper 1990 ipcc first assessment report estimated equilibrium climate sensitivity doubling co 2 lay 1 5 4 5 °c 2 7 8 1 °f best guess light current knowledge 2 5 °c 4 5 °f ipcc authors concluded ecs likely greater 1 5 °c 2 7 °f likely lie range 2 4 5 °c 4 8 1 °f likely value 3 °c 5 °f ipcc fifth assessment report reverted earlier range 1 5 4 5 °c 2 7 8 1 °f high confidence estimates using industrial-age data came low,DISPUTED
claim-2335,satellite measurements infrared spectra past 40 years observe less energy escaping space wavelengths associated co2,"['evidence-327103', 'evidence-740261', 'evidence-1085966', 'evidence-701021', 'evidence-472543']",cosmic-temperature measurements vlt detected first time carbon-monoxide molecules galaxy located almost 11 billion light-years away lwir 8–15 μm region especially useful since radiation wavelengths escape space atmosphere three channels use frequency different carbon dioxide cell pressure corresponding weighting functions peaks 29 km channel 1 37 km channel 2 45 km channel 3 process deriving trends ssus measurement proved particularly difficult satellites drift inter-calibration different satellite scant overlap gas leak instrument carbon dioxide pressure cell furthermore since radiances measured ssus due emission carbon dioxide weighting functions move higher altitudes carbon dioxide concentration stratosphere increase measure radiances various wavelength bands,NOT_ENOUGH_INFO
claim-161,extreme melting changes climate like released pressure continent allowing ground rise,['evidence-702708'],gravitational effects comes play large ice sheet melts,SUPPORTS
claim-2243,co2 amplifies warming mixes atmosphere spreading warming throughout planet,"['evidence-993522', 'evidence-1007525', 'evidence-368192', 'evidence-991415']",greenhouse effect process thermal radiation planetary atmosphere warms planet surface beyond temperature would absence atmosphere absorption infrared light vibrational frequencies atmospheric carbon dioxide traps energy near surface warming surface lower atmosphere increases atmospheric concentrations co 2 long-lived greenhouse gases methane nitrous oxide ozone correspondingly strengthened absorption emission infrared radiation causing rise average global temperature since mid-20th century water vapor greenhouse gas results warming positive feedback amplifies original warming,SUPPORTS
claim-1256,‘next year year arctic free ice’,"['evidence-731434', 'evidence-39028', 'evidence-1107462', 'evidence-954212', 'evidence-957020']",research shows arctic may become ice-free summer first time human history 2040 expert predicts ice-free arctic 2020 un releases climate report us navy predicts summer ice free arctic 2016 current projected consequences global warming include largely ice-free arctic ocean within 5–20 years see arctic shrinkage reports also predicted within decades arctic ocean entirely free ice summer,DISPUTED
claim-506,100 climate models past 30 years predict actually happened assumed carbon dioxide pivotal role driving climate change effects clouds back-radiation sun trivial,"['evidence-1199931', 'evidence-510347', 'evidence-1057489', 'evidence-100394', 'evidence-1197833']",climate models used examine role sun recent climate change 2007 allowed possibility climate models underestimated effect solar forcing computer models run supercomputers reproduce predict circulation oceans annual cycle seasons flows carbon land surface atmosphere oceans absorb carbon dioxide critical predicting climate change judge global mean surface air temperature increased 0 3 0 6 °c last 100 years broadly consistent prediction climate models also magnitude natural climate variability,NOT_ENOUGH_INFO
claim-369,2050 there’s scientific consensus reached tipping point ice sheets greenland west antarctic,"['evidence-783884', 'evidence-411817']",study published 2017 concluded greenland peripheral glaciers ice caps crossed irreversible tipping point around 1997 continue melt 2019 unep study indicates least arctic greenland ice sheet tipping point already reached,SUPPORTS
claim-2184,ice ages warmer periods alligators found spitzbergen,"['evidence-224942', 'evidence-1113919']",earth climate alternates ice ages greenhouse periods glaciers planet current geological period quaternary began 2 6 million years ago extends present marked warm cold episodes cold phases called glacials quaternary ice age lasting 100 000 years interrupted warmer interglacials lasted 10 000–15 000 years,SUPPORTS
claim-1057,“moreover ocean already contains so-called oxygen minimum zones generally found middle depths,"['evidence-747577', 'evidence-69294', 'evidence-754329', 'evidence-21184', 'evidence-754923']",dead zones hypoxic low-oxygen areas world oceans large lakes caused excessive nutrient pollution human activities coupled factors deplete oxygen required support marine life bottom near-bottom water areas also known oxygen minimum zones omz oxygen minimum layer exists somewhere depth 700m 1000m deep depending place ocean deeper layer becomes oxygen starved become saturated carbon dioxide gases sulfur dioxide even trace volcanic activity oxygen consumption due respiration sinking organic matter lack gas exchange often creates oxygen minimum zone omz mesopelagic,SUPPORTS
claim-104,increases atmospheric co2 followed increases temperature,"['evidence-368192', 'evidence-423643', 'evidence-629358']",increases atmospheric concentrations co 2 long-lived greenhouse gases methane nitrous oxide ozone correspondingly strengthened absorption emission infrared radiation causing rise average global temperature since mid-20th century late 20th century scientific consensus evolved increasing concentrations greenhouse gases atmosphere cause substantial rise global temperatures changes parts climate system consequences environment human health increases ambient temperatures changes related processes directly linked rising anthropogenic greenhouse gas ghg concentrations atmosphere,SUPPORTS
claim-1975,claim 97 percent scientists believe humans causing climate change debunked head united nations intergovernmental panel climate change,"['evidence-963115', 'evidence-154218', 'evidence-503460', 'evidence-797793', 'evidence-335835']",study found 97% 489 scientists surveyed agreed global temperatures risen past century intergovernmental panel climate change ipcc intergovernmental body united nations dedicated providing world objective scientific information relevant understanding scientific basis risk human-induced climate change natural political economic impacts risks possible response options 97% agree explicitly implicitly global warming happening human-caused 97% scientists surveyed agreed global temperatures increased past 100 years 84% said personally believed human-induced warming occurring 74% agreed currently available scientific evidence substantiated occurrence 97–98% climate researchers actively publishing field support tenets acc anthropogenic climate change outlined intergovernmental panel climate change ii relative climate expertise scientific prominence researchers unconvinced acc substantially convinced researchers,NOT_ENOUGH_INFO
claim-139,january one five british children told pollsters nightmares climate change,['evidence-315515'],2007 american academy pediatrics issued policy statement global climate change children health anticipated direct health consequences climate change include injury death extreme weather events natural disasters increases climate-sensitive infectious diseases increases air pollution–related illness heat-related potentially fatal illness,SUPPORTS
claim-2062,global warming increasing magnitude frequency droughts floods,"['evidence-657110', 'evidence-553897', 'evidence-1091550']",climate change also increases droughts heat waves inhibit plant growth makes uncertain whether balancing feedback persist future maximum rainfall wind speed hurricanes typhoons likely increasing effects global warming include rising sea levels regional changes precipitation frequent extreme weather events heat waves expansion deserts,SUPPORTS
claim-1160,co2 atmosphere challenge [feeding 2 5 billion people] met,['evidence-76391'],set numbers context assuming global population around 9–10 billion 2050 carbon footprint 2–2 5 tons co2e per capita needed stay within 2 °c target,SUPPORTS
claim-2679,solubility carbon dioxide water listed handbook chemistry physics declining function temperature,"['evidence-1082891', 'evidence-411794', 'evidence-73808', 'evidence-558397', 'evidence-583134']",also intergovernmental panel climate change ipcc writes climate change 2007 synthesis report uptake anthropogenic carbon since 1750 led ocean becoming acidic average decrease ph 0 1 units following table lists temperature dependencies solubility permanent gases usually decreases increasing temperature around room temperature often smaller gas molecule lower gas solubility water lower temperature maximum henry law constant liquid water high temperatures e g approaching critical temperature solubility ionic solutes tends decrease due change properties structure liquid water lower dielectric constant results less polar solvent,NOT_ENOUGH_INFO
claim-2662,contention wolfgang knorr department earth sciences university bristol england carbon dioxide levels atmosphere 160 years ago quoted ken ward jr,"['evidence-450316', 'evidence-657496', 'evidence-962456', 'evidence-800880']",concentration carbon dioxide atmosphere today much lower plants emerged onto land ordovician silurian periods example diverse geochemical paleontological proxies indicate maximum global warmth atmospheric carbon dioxide values 700–900 ppm proxies pedogenic soil building carbonate marine boron isotopes indicate large changes carbon dioxide 2 000 ppm periods time less 1 million years paleobotanical evidence near present-day levels atmospheric co2 part tertiary meeting american geophysical union december 17 2008 scientists detailed evidence support controversial idea introduction large-scale rice agriculture asia coupled extensive deforestation europe began alter world climate pumping significant amounts greenhouse gases atmosphere last 1 000 years,REFUTES
claim-1490,concentration carbon dioxide earth’s atmosphere climbed level last seen 3 million years ago — humans even appeared rocky ball call home,['evidence-551522'],national geographic wrote concentration carbon dioxide atmosphere high first time 55 years measurement—and probably 3 million years earth history,SUPPORTS
claim-2768,long term trend albedo cooling,"['evidence-695602', 'evidence-458452', 'evidence-1075210']",scattering radiation causes atmospheric cooling whereas absorption cause atmospheric warming [citation needed] arctic regions notably release heat back space absorb effectively cooling earth layer snowfall increases local albedo reflecting away sunlight leading local cooling,SUPPORTS
claim-2168,ipcc graph showing accelerating trends misleading,['evidence-41418'],ipcc needs look trend errors ask happened,SUPPORTS
claim-785,many cases though — hurricanes example — linkage global warming particular trends uncertain disputed,"['evidence-3489', 'evidence-202201', 'evidence-1038523', 'evidence-1041281', 'evidence-626239']",human activity likely made substantial contribution ocean surface temperature changes hurricane formation regions terrestrial ecosystems earlier timing spring events well poleward upward shifts plant animal ranges linked high confidence recent warming climate change linked increase violent conflict amplifying poverty economic shocks well-documented drivers conflicts although areas linkage relationship two weak regional effects global warming long-term significant changes expected patterns average weather specific region due global warming,NOT_ENOUGH_INFO
claim-2426,twentieth century global warming start 1910,['evidence-697238'],average global temperature earth increased 0 8° celsius 1 4° fahrenheit since 1880 two-thirds warming occurred since 1975 rate roughly 0 15-0 20 °c per decade,REFUTES
claim-1292,reasonable person recognize positives negatives among policy proposals tories labour,"['evidence-342343', 'evidence-399707', 'evidence-1014366', 'evidence-462075', 'evidence-627910']",less attention given policy areas might problematic conservatives like nhs housing policy topics favoured labour immigration favoured ukip speech tynemouth next day may said labour deserted working-class voters criticised labour policy proposals said britain future depended making success brexit labour party proposed renegotiation withdrawal agreement towards closer post-withdrawal relationship eu would put forward option referendum alongside option remaining eu liberal democrats greens snp labour support ban fracking whilst conservatives propose approving fracking case-by-case basis cameron theresa may aimed helping families achieve work-home balance previously proposed offer parents 12 months parental leave shared parents choose,NOT_ENOUGH_INFO
claim-993,mean rise little 3mm per year worldwide since 1990s last decade noaa virginia key tide gauge south miami beach measured 9mm rise annually ”,"['evidence-946255', 'evidence-1049692']",1993 2017 global mean sea level rose average 3 1 ± 0 3 mm per year acceleration detected well current rates sea level rise satellite altimetry estimated 3 0 ± 0 4 millimetres 0 118 ± 0 016 per year period 1993–2017,SUPPORTS
claim-2593,[t]he study indicates “greenland’s ice may less susceptible massive meltdown predicted computer models climate change main author said interview,"['evidence-857269', 'evidence-797161']",also predicted greenland become warm enough 2100 begin almost complete melt next 1 000 years greenland enters melt mode,REFUTES
claim-1567,ipcc overestimate temperature rise,['evidence-105184'],pledges countries entering paris accord sharp rise 3 1 3 7 °c still expected occur 2100,REFUTES
claim-1834,14 august 1912 article new zealand newspaper contained brief story burning coal might produce future warming adding carbon dioxide atmosphere,"['evidence-173323', 'evidence-477558']",coal production major contributor global warming burning coal generates large quantities carbon dioxide mining operations release methane known greenhouse gas atmosphere largest long term effect coal use release carbon dioxide greenhouse gas causes climate change global warming,SUPPORTS
claim-856,pathbreaking work rosamond naylor david battisti shown tropics already hot efficiently grow grain places grain produced today already optimal growing temperature — means even small warming push slope declining productivity,"['evidence-1166728', 'evidence-578305']",africa latin america many rainfed crops near maximum temperature tolerance yields likely fall sharply even small climate changes falls agricultural productivity 30% 21st century projected rice becomes sterile exposed temperatures 35 degrees one hour flowering consequently produces grain,SUPPORTS
claim-540,heatwave europe something expected 1c warming,"['evidence-353209', 'evidence-1194725', 'evidence-1067217', 'evidence-556258', 'evidence-119750']",ruse bulgaria hit 36 6 °c 97 9 °f 13th making warmest spot europe heat wave started moscow 27 june temperatures reached 33 1 °c 91 6 °f stayed around 30 °c 90 °f rest week 2018 temperature 16 1 °c 61 0 °f meaning ranks 18th warmest june recorded england past 359 years also warmest since 1976 june 2019 hottest month record worldwide effects especially prominent europe effects climate change projected make heat waves places europe five times likely occur,SUPPORTS
claim-757,grasslands crops forests territorial waters australia absorb carbon dioxide australia emits,"['evidence-682087', 'evidence-744771', 'evidence-352796', 'evidence-173055']",estimated forests absorb 10 20 tons carbon dioxide per hectare year photosynthetic conversion starch cellulose lignin components wooden biomass forests important part global carbon cycle trees plants absorb carbon dioxide photosynthesis absorb huge amount carbon dioxide combating climate change decomposes turns carbon dioxide co2 released atmosphere,DISPUTED
claim-1407,“in award winning book ‘taken storm’ 2007 canadian researchers christopher essex ross mckitrick explain ‘temperature amount something [like height weight],"['evidence-25485', 'evidence-189203', 'evidence-710700', 'evidence-948988', 'evidence-179080']",lately temperature criterion fallen definition across united states bomb cyclone – rapid deepening mid-latitude cyclonic low-pressure area typically occurring ocean occur land nevertheless thermodynamic temperature fact definite numerical value arbitrarily chosen tradition dependent property particular materials simply less arbitrary relative degrees scales celsius fahrenheit symbol k everyday applications often convenient use celsius scale 0 °c corresponds closely freezing point water 100 °c boiling point sea level common scales celsius scale formerly called centigrade denoted °c fahrenheit scale denoted °f kelvin scale denoted k latter predominantly used scientific purposes conventions international system units si upper bound called maximum potential intensity v p {\displaystyle v_{p}} given v p 2 c k c − δ k {\displaystyle v_{p}^{2}={\frac {c_{k}}{c_{d}}}{\frac {t_{s}-t_{o}}{t_{o}}}\delta k} {\displaystyle t_{s}} temperature sea surface {\displaystyle t_{o}} temperature outflow [k] δ k {\displaystyle \delta k} enthalpy difference surface overlying air [j/kg] c k {\displaystyle c_{k}} c {\displaystyle c_{d}} surface exchange coefficients dimensionless enthalpy momentum respectively,NOT_ENOUGH_INFO
claim-3070,government proposing put risk manufacturing industry penalise struggling families make tough situation worse millions households right around australia,"['evidence-137771', 'evidence-100483', 'evidence-617690', 'evidence-462483', 'evidence-222747']",john mcdonnell said ifs analysis showed “clear threat” working people’s living standards liberal democrats said “savage cuts” would make millions households poorer families forced increasing poverty facing daily struggle pay rent put food table nearly 4 million uk children judged live households would find difficult afford enough fruit vegetables healthy foods reach official guidelines food foundation maintains upcoming minimum wage rise help many low-income working families still find worse due tax-credit changes fuel poverty affects million british working households 2 3 million households total increases energy prices affect poor people severely,NOT_ENOUGH_INFO
claim-1745,ipcc simply updated temperature history graphs show best data available time,"['evidence-660105', 'evidence-1197833', 'evidence-1052408', 'evidence-911855', 'evidence-332770']",decadal summer temperature reconstruction together separate curve plotting instrumental thermometer data 1850s onwards featured figure 3 20 ipcc second assessment report sar 1996 judge global mean surface air temperature increased 0 3 0 6 °c last 100 years broadly consistent prediction climate models also magnitude natural climate variability graph extended similar graph figure 3 20 ipcc second assessment report 1995 differed schematic first assessment report lacked temperature units appeared depict larger global temperature variations past 1000 years higher temperatures medieval warm period mid 20th century studies widely presented demonstrating current warming period exceptional comparison temperatures 1000 1900 mbh99 based graph featured publicity basis schematic diagram featured ipcc first assessment report beside cautions medieval warming might global,NOT_ENOUGH_INFO
claim-1515,one really knows last year 2016 global temperature record,"['evidence-915569', 'evidence-742898', 'evidence-730599', 'evidence-169703', 'evidence-64048']",global warming long-term rise average temperature earth climate system scientific literature overwhelming consensus global surface temperatures increased recent decades trend caused mainly human-induced emissions greenhouse gases allows temperature record constructed know last time world 2 degrees warmer sea level 6 meters 20 feet higher breaking global temperature records mt,NOT_ENOUGH_INFO
claim-1519,earth’s climate changing response increasing concentrations greenhouse gases ghgs particulate matter atmosphere largely result human activities,"['evidence-1059381', 'evidence-1187937', 'evidence-950186']",increased concentrations greenhouse gases solar luminosity volcanic eruptions variations earth orbit around sun scientists determined major factors causing current climate change greenhouse gases land use changes aerosols soot human activity since industrial revolution increased amount greenhouse gases atmosphere leading increased radiative forcing co2 methane tropospheric ozone cfcs nitrous oxide,SUPPORTS
claim-3069,continued greenhouse gas emissions current rates would cause warming induce many changes global climate system 21st century would likely larger observed 20th century,['evidence-504415'],many regions probably already seen increases warm spells heat waves virtually certain changes continue 21st century,SUPPORTS
claim-677,“which say beans eaten cows cows convert beans meat humans eat meat,"['evidence-459277', 'evidence-1079220', 'evidence-368638', 'evidence-1193739', 'evidence-474026']",buffalo generally fed coarse feeds convert protein-rich lean meat conversion human-inedible residues food crops obtain milk dairy cattle cows made pregnant induce lactation kept lactating three seven years slaughtered vehemently consumption meat eggs though consume encourage consumption milk butter cheese carnivores require meat diet survival carnists choose eat meat based beliefs,NOT_ENOUGH_INFO
claim-765,broader term covers changes beyond warmer temperatures shifting rainfall patterns ”,"['evidence-456747', 'evidence-496267']",climate change accurate scientifically describe various effects greenhouse gases world includes extreme weather storms changes rainfall patterns ocean acidification sea level general climatic patterns consist warm temperatures high annual rainfall,SUPPORTS
claim-2275,[…] constant 24-7 media coverage every significant storm worldwide makes seem way ”,"['evidence-754084', 'evidence-940616']",attracted considerable media coverage time severe widespread damage storm caused united states well unusual merger frontal system resulted nicknaming hurricane superstorm sandy media public officials several organizations including u government agencies,SUPPORTS
claim-1113,means jet stream meanders big loops bringing warm air frozen north cold air warmer southern climes ”,['evidence-459315'],jet stream instability brings warm air north well cold air south,SUPPORTS
claim-2611,final amount extra co2 remains atmosphere stays time scale centuries,"['evidence-1205623', 'evidence-620559', 'evidence-20807']",co2 concentration already released atmosphere since beginning industrialization risen well 300 ppm 415 ppm 2019 eventually land oceans take extra carbon dioxide much 20 percent may remain atmosphere many thousands years atmospheric co2 risen last 150 years current levels 390 ppmv 180 – 300 ppmv prior 800 thousand years rise temperature reduced arctic ice cap 1 100 000 sq mi 2 800 000 km2 [citation needed] smaller ever recorded,SUPPORTS
claim-2060,global warming causing hurricanes stronger hurricanes,"['evidence-553897', 'evidence-8304']",maximum rainfall wind speed hurricanes typhoons likely increasing earth climate warms seeing many changes stronger destructive hurricanes heavier rainfall disastrous flooding areas world experiencing severe drought heat waves,SUPPORTS
claim-2326,2007 northern hemisphere reached record low ice coverage northwest passage opened,"['evidence-1017927', 'evidence-956029', 'evidence-29644', 'evidence-1079662']",2007 melt season let minimum 39% 1979–2000 average first time human memory fabled northwest passage opened completely august 21 2007 northwest passage became open ships without need icebreaker september 14 2007 european space agency stated ice loss year opened historically impassable passage setting new low ice cover seen satellite measurements went back 1978 extreme loss 2007 rendered passage fully navigable,SUPPORTS
claim-1087,particular signature warming 2016 also revealing another way overpeck said noting stratosphere… saw record cold temperatures last year,"['evidence-382930', 'evidence-818951', 'evidence-1020939', 'evidence-607965', 'evidence-541555']",polar stratospheric clouds warming effect poles increasing temperatures 20 °c winter months surface air temperatures would colder given region winter months years end change attributed increasingly cold winters arctic stratosphere altitude approximately 20 km 12 mi change associated global warming relationship still investigation one strongest predictions greenhouse effect stratosphere cool global warming theory suggests stratosphere cool troposphere warms,NOT_ENOUGH_INFO
claim-2867,skeptics oppose scientific findings threaten world view far closer galileo belief-based critics catholic church,"['evidence-392', 'evidence-1091064', 'evidence-847727']",galileo contributions caused difficulties theologians natural philosophers time contradicted scientific philosophical ideas based aristotle ptolemy closely associated catholic church galileo discoveries met opposition within catholic church 1616 inquisition declared heliocentrism formally heretical alternative criticism church opposed particular scientific discoveries felt challenged authority power – particularly reformation enlightenment,SUPPORTS
claim-2300,austria today seeing earliest snowfall history 30 40 centimetres already predicted mountains,"['evidence-163344', 'evidence-612818', 'evidence-208322', 'evidence-776430', 'evidence-977782']",1925 1929 economy enjoyed short high nearly crashing[clarification needed] black tuesday austria lies latitudes 46° 49° n longitudes 9° 18° e divided five areas biggest eastern alps constitute 62% nation total area although austria cold winter −10 0 °c summer temperatures relatively high average temperatures mid-20s highest temperature 40 5 °c 105 °f august 2013 spring variable autumn cool possible snowfalls already november law neutrality passed late october 1955 state treaty ensured modern austria would align neither nato soviet bloc considered one reasons austria delayed entry european union 1995,NOT_ENOUGH_INFO
claim-2250,global warming skeptics argue earth climate sensitivity low doubling atmospheric co2 result surface temperature change order 1°c less therefore global warming nothing worry,"['evidence-692256', 'evidence-1049371']",first paper matter estimated global temperature would rise around 5 6 °c 9 0 10 8 °f quantity co 2 doubled 1990 ipcc first assessment report estimated equilibrium climate sensitivity doubling co 2 lay 1 5 4 5 °c 2 7 8 1 °f best guess light current knowledge 2 5 °c 4 5 °f,REFUTES
claim-2429,32 years rapidly increasing global temperatures minor increase global co2 emissions followed 33 years slowly cooling global temperatures rapid increases global co2 emissions deceitful ipcc make claim co2 emissions primarily responsible observed 20th century global warming,"['evidence-755175', 'evidence-1202023', 'evidence-483558']",ipcc third assessment report conclusion observed warming last 50 years likely due increase greenhouse gas concentrations accurately reflects current thinking scientific community issue intergovernmental panel climate change said likelihood 90 percent 99 percent emissions heat-trapping greenhouse gases like carbon dioxide spewed tailpipes smokestacks dominant cause observed warming last 50 years global warming observed past 50 years due primarily human-induced emissions heat-trapping gases,REFUTES
claim-3051,natural influences particular impact el niño la niña removed recent termperature record evidence significant change human contribution climate change,"['evidence-1187937', 'evidence-881808', 'evidence-338219']",scientists determined major factors causing current climate change greenhouse gases land use changes aerosols soot introduction includes statement strong evidence warming earth last half-century caused largely human activity burning fossil fuels changes land use including agriculture deforestation ‘climate change’ due natural forces human activity substantial evidence indicate human activity – specifically increased greenhouse gas ghgs emissions – key factor pace extent global temperature increases,DISPUTED
claim-1549,empirical evidence climate change,"['evidence-1047048', 'evidence-574477']",climate change proven affect biodiversity evidence supporting altering effects widespread strong credible body evidence based multiple lines research documenting climate changing changes large part caused human activities,REFUTES
claim-261,1995 one scientist ipcc – jonathan overpeck – wrote email colleague claiming ‘we get rid medieval warm period ’,"['evidence-112875', 'evidence-33543', 'evidence-974202', 'evidence-332770', 'evidence-32121']",basis schematic diagram featured ipcc first assessment report 1990 beside cautions medieval warming might global however view questioned researchers ipcc first assessment report 1990 discussed medieval warm period around 1000 ad may global little ice age ended middle late nineteenth century ipcc second assessment report sar 1996 featured graph early northern hemisphere reconstruction raymond bradley phil jones noted 1994 reconstruction hughes henry f diaz questioning widespread medieval warm period one time basis schematic diagram featured ipcc first assessment report beside cautions medieval warming might global ipcc tar still draft fred singer held press event saying accept wibjörn karlén alleged mbh99 showed neither medieval warm period little ice age inaccurate claim echoed soon afterwards john lawrence daly,NOT_ENOUGH_INFO
claim-2230,[ice] expanding much antarctica contrary widespread public belief global warming melting continental ice cap,"['evidence-728645', 'evidence-1170460']",contrast melting arctic sea ice sea ice around antarctica expanding 2013[update] result continued warming polar ice caps melted much gondwana became desert,DISPUTED
claim-2579,past 250 years humans added one part co2 10 000 atmosphere,"['evidence-861762', 'evidence-788947', 'evidence-252580']",global annual mean co 2 concentration increased 45% since start industrial revolution 280 ppm 10 000 years mid-18th century 415 ppm may 2019 carbon dioxide mole fractions atmosphere gone approximately 35 percent since 1900s rising 280 parts per million volume 387 parts per million 2009 since time industrial revolution 200 years ago concentration carbon dioxide atmosphere increased 280 parts per million 370 parts per million increase around 30%,REFUTES
claim-1416,recent decades warming accompanied constant rise sea level would appear increase extreme weather events even scientifically determinable cause cannot assigned particular phenomenon,"['evidence-946255', 'evidence-1129603', 'evidence-456747', 'evidence-1091550']",1993 2017 global mean sea level rose average 3 1 ± 0 3 mm per year acceleration detected well examples include sea level rise widespread melting snow land ice increased heat content oceans increased humidity earlier timing spring events flowering plants climate change accurate scientifically describe various effects greenhouse gases world includes extreme weather storms changes rainfall patterns ocean acidification sea level effects global warming include rising sea levels regional changes precipitation frequent extreme weather events heat waves expansion deserts,SUPPORTS
claim-2497,without forests humidity previously moisture-laden winds blew dry,"['evidence-193559', 'evidence-935441', 'evidence-1051806', 'evidence-482305', 'evidence-335697']",strong winds dry nature blow september april causing dryness locality result fire hazard especially deciduous forests important feature cloud forests tree crowns intercept wind-driven cloud moisture part drips ground throughout year wind speed temperature humidity fairly consistent humidity usually greater 90% laurel forest cloud forest subtropical mild temperate forest found areas high humidity relatively stable mild temperatures causes east winds bringing moisture gulf mexico,NOT_ENOUGH_INFO
claim-811,[climate scientists] say aspects case hurricane harvey—and recent history tropical cyclones worldwide—suggest global warming making bad situation worse,"['evidence-604477', 'evidence-1055682', 'evidence-1047356', 'evidence-759337', 'evidence-879500']",global warming causes changes tropical cyclones may also make impacts worse via sea level rise fact climate change made hurricane harvey deadly gulf mexico known hurricanes august incidence alone cannot attributed global warming warming climate influence certain attributes storms weather events due multiple factors cannot said caused one precondition climate change affects aspects extreme events likely worsened impacts harvey storm harvey impacts likely worsened due global warming,SUPPORTS
claim-1896,greg hunt csiro research shows carbon emissions reduced 20 per cent 40 years using nature soils trees,"['evidence-798121', 'evidence-305800', 'evidence-108068', 'evidence-234076', 'evidence-1111240']",reduce u carbon dioxide emissions 7% stipulated kyoto protocol would require planting area size texas [8% area brazil] every 30 years almost 20 percent 8 gtco2/year total greenhouse-gas emissions deforestation 2007 estimated increasing carbon content soils world 3 5 billion hectares agricultural grassland 1% would offset nearly 12 years co2 emissions large potential future reductions emissions combination activities including energy conservation increased energy efficiency use low-carbon energy technologies renewable energy nuclear energy carbon capture storage decarbonizing buildings transport enhancing carbon sinks example reforestation preventing deforestation ireland plant 440 million trees 20 years fight climate change,NOT_ENOUGH_INFO
claim-2819,importantly oism list contains 39 scientists specialise climate science,"['evidence-572386', 'evidence-596256', 'evidence-363528', 'evidence-1161865', 'evidence-676759']",ongoing experiments conducted 4 000 scientists many nations botanist plant scientist phytologist scientist specialises field list includes scientists several specialities disciplines 2001 scientific american took random sample 30 1 400 signatories claiming hold ph climate-related science crudely extrapolating petition supporters include core 200 climate researchers – respectable number though rather small fraction climatological community,NOT_ENOUGH_INFO
claim-2643,decline refers decline northern tree-rings global temperature openly discussed papers ipcc reports,"['evidence-224185', 'evidence-267910', 'evidence-736392']",several scientific sources state decline referred decline tree ring climate proxy metrics temperature issues tree rings hidden extensively discussed scientific literature ipcc reports decline referred well-discussed tree-ring divergence problem two phrases taken context global warming sceptics including us senator jim inhofe former governor alaska sarah palin though referred decline measured global temperatures even though written temperatures record high,SUPPORTS
claim-1775,venus likely underwent runaway ‘moist’ greenhouse phase earlier history today kept hot dense co2 atmosphere,['evidence-1043526'],studies suggested billions years ago venus atmosphere much like one surrounding earth may substantial quantities liquid water surface period 600 million several billion years runaway greenhouse effect caused evaporation original water generated critical level greenhouse gases atmosphere,SUPPORTS
claim-316,models predicted seven times much warming observed,"['evidence-733847', 'evidence-980959', 'evidence-368241']",model predicted <0 2 °c warming upper air 700 mb 500 mb however report also observed rate warming period 1998–2012 lower predicted 111 114 coupled model intercomparison project climate models found observed warming similar two three scenarios,DISPUTED
claim-896,according exposure particulate matter increases risk acute lower respiratory infection chronic obstructive pulmonary disease heart disease stroke lung cancer,"['evidence-534239', 'evidence-1171424', 'evidence-416776']",air pollution significant risk factor number pollution-related diseases including respiratory infections heart disease copd stroke lung cancer effects inhaling particulate matter widely studied humans animals include asthma lung cancer respiratory diseases cardiovascular disease premature delivery birth defects low birth weight premature death worldwide exposure pm2 5 contributed 4 1 million deaths heart disease stroke lung cancer chronic lung disease respiratory infections 2016,SUPPORTS
claim-331,serial adjustment tended make early years colder increases warming trend,"['evidence-138622', 'evidence-584709', 'evidence-1189271', 'evidence-561696', 'evidence-311416']",rss satellite temperature record showed slight cooling trend uah satellite temperature record showed slight warming trend general public little awareness carbon dioxide effects climate science news may 1959 forecast 25% increase atmospheric carbon dioxide 150 years 1850 2000 consequent warming trend climate change adaptation adjustment natural human systems response actual expected climatic stimuli effects moderates harm exploits beneficial opportunities climate system large thermal inertia take centuries climate fully adjust globally effects estimated led slight cooling dominated increase surface albedo,NOT_ENOUGH_INFO
claim-2574,world scale coral reefs decline,"['evidence-369389', 'evidence-406279', 'evidence-292123', 'evidence-886566', 'evidence-580567']",global assessments coral reefs world continue report drastic rapid rates decline despair repair dramatic decline caribbean corals reversed according caribbean coral reefs status report 19702-2012 states stop overfishing especially fishes key coral reef like parrotfish coastal zone management reduce human pressure reef example restricting coastal settlement development tourism control pollution specially sewage may reduce coral decline even reverse 1998 16% world reefs died result increased water temperature coral reef systems decline worldwide,SUPPORTS
claim-342,members media may nod along claims [about changes weather extremes] evidence paints different story,"['evidence-817269', 'evidence-246671']",however confident attributing changes long-term trends extreme weather antilla 2005 one problematic trend us media suggestion substantive disagreement exists within international scientific community reality anthropogenic climate change however concept false…although science climate change appear prime news topic 255 newspapers included study…articles framed climate change terms debate controversy uncertainty plentiful,SUPPORTS
claim-2034,latest ipcc reports ar5 shown global mean temperature forecasts 2005 ipcc report exceeded actual readings,"['evidence-232879', 'evidence-1197833']",compared previous report lower bounds sensitivity climate system emissions slightly lowered though projections global mean temperature rise compared pre-industrial levels 2100 exceeded 1 5 °c scenarios judge global mean surface air temperature increased 0 3 0 6 °c last 100 years broadly consistent prediction climate models also magnitude natural climate variability,REFUTES
claim-578,‘if nothing reduce greenhouse gas emissions kind extreme heat saw past summer norm young son grown man ’,['evidence-960067'],avoiding future warming require large rapid reduction global greenhouse gas emissions,SUPPORTS
claim-976,gas builds soil forming mounds called ‘pingoes ’,['evidence-350072'],next larger scale soil structures called peds commonly soil aggregates created soil separates iron oxides carbonates clay silica humus coat particles cause adhere larger relatively stable secondary structures,SUPPORTS
claim-1097,“[…]the impact calcification metabolism growth fertility survival calcifying marine species ph lowered 0 3 units […] beneficial damaging,"['evidence-1112531', 'evidence-616116']",effects calcifying organisms base food webs could potentially destroy fisheries german advisory council global change stated order prevent disruption calcification marine organisms resultant risk fundamentally altering marine food webs following guard rail obeyed ph near surface waters drop 0 2 units pre-industrial average value larger ocean region global mean,REFUTES
claim-609,that’s antarctica’s mass shrinks ice sheet’s gravitational pull ocean relaxes somewhat seas travel back across globe pile far away — u coasts one prime destination ”,['evidence-557585'],loss mass gravitational pull becomes less local water levels might drop,SUPPORTS
claim-173,[carbon emissions] could see carbon black,['evidence-142343'],global anthropogenic greenhouse gas emissions 2010 equivalent 49 billion tonnes carbon dioxide using recent global warming potentials 100 years ar5 report,REFUTES
claim-1222,melting greenland ice sheet already major contributor rising sea level eventually lost entirely oceans would rise six metres around world flooding many world’s largest cities,"['evidence-856068', 'evidence-7473', 'evidence-952525', 'evidence-173281', 'evidence-1040612']",entire 2 850 000 km3 684 000 cu mi ice melt global sea levels would rise 7 2 24 ft ice sheet models project warming would initiate long-term melting ice sheet leading complete melting ice sheet centuries resulting global sea level rise 7 metres 23 ft entire 2 850 000 cubic kilometres 684 000 cu mi ice melt would lead global sea level rise 7 2 24 ft greenland ice sheet melt away completely world sea level would rise 7 23 ft greenland ice sheet occupies 82% surface greenland melted would cause sea levels rise 7 2 metres,SUPPORTS
claim-2441,furthermore physically incorrect state planet simply recovering little ice age,['evidence-494148'],trend could extrapolated continue future possibly leading full ice age twentieth-century instrumental temperature record shows sudden reversal trend rise global temperatures attributed greenhouse gas emissions,SUPPORTS
claim-756,australia’s signed suicide note [with paris accord] yet didn’t seem notice china india indonesia us commit reducing large carbon dioxide emissions,"['evidence-901598', 'evidence-719544', 'evidence-229230']",plan include targets carbon dioxide emission reductions estimated fully implemented china annual emissions greenhouse gases would reduced 1 5 billion tons carbon dioxide equivalent 2010 institutional asset owners associations think-tanks also observed stated objectives paris agreement implicitly predicated upon assumption – member states united nations including high polluters china us india russia japan germany south korea iran saudi arabia canada indonesia mexico generate half world greenhouse gas emissions somehow drive carbon pollution voluntarily assiduously without binding enforcement mechanism measure control co 2 emissions level factory state without specific penalty gradation fiscal pressure example carbon tax discourage bad behaviour u china announce steps join paris accord set nation-by-nation targets cutting carbon emissions,DISPUTED
claim-2577,three recent articles give us reason question alarmists’ claims coral reefs deep trouble due buildup greenhouse gases world climate report,"['evidence-663642', 'evidence-463557', 'evidence-469998', 'evidence-511848', 'evidence-338219']",greenhouse gas emissions present broader threat sea temperature rise sea level rise though corals adapt calcifying fluids changes seawater ph carbonate levels directly threatened ocean acidification november 2017 second warning humanity signed 15 364 scientists 184 countries stated current trajectory potentially catastrophic climate change due rising greenhouse gases burning fossil fuels deforestation agricultural production – particularly farming ruminants meat consumption especially troubling atmosphere ocean warmed amounts snow ice diminished sea level risen concentrations greenhouse gases increased myths vs facts denial petitions reconsideration endangerment cause contribute findings greenhouse gases section 202 clean air act extremely likely warming arises human activities especially emissions greenhouse gases atmosphere ‘climate change’ due natural forces human activity substantial evidence indicate human activity – specifically increased greenhouse gas ghgs emissions – key factor pace extent global temperature increases,NOT_ENOUGH_INFO
claim-2890,heat continuing build subsurface ocean,"['evidence-742886', 'evidence-131135', 'evidence-71710', 'evidence-1020632', 'evidence-674318']",end result continual build-up heat surface people experience heat wave titan thought subsurface liquid-water ocean ice addition hydrocarbon mix forms atop outer crust underneath thick atmospheres planets uranus neptune expected planets composed oceans hot high-density fluid mixtures water ammonia volatiles surface heat freshwater fluxes create global density gradients drive thermohaline circulation part large-scale ocean circulation plays important role supplying heat polar regions thus sea ice regulation,NOT_ENOUGH_INFO
claim-2478,kerr 2007 points sunlight-reflecting haze cools much planet seems thinned past decade,['evidence-220532'],conversely haze titan atmosphere contributes anti-greenhouse effect reflecting sunlight back space cancelling portion greenhouse effect making surface significantly colder upper atmosphere,SUPPORTS
claim-2399,greenhouse effect natural occurence much warming severe negative impacts agriculture health environment,"['evidence-1047395', 'evidence-398589', 'evidence-1122962', 'evidence-504446', 'evidence-298450']",effects global warming climate damage include far-reaching long-lasting changes natural environment ecosystems human societies caused directly indirectly human emissions greenhouse gases impact environment ecosystems animal kingdom society humanity depends much earth warms generally impacts public health negative positive impacts include direct effects extreme weather leading injury loss life indirect effects undernutrition brought crop failures future warming projected range impacts including sea level rise increased frequencies severities extreme weather events loss biodiversity regional changes agricultural productivity,SUPPORTS
claim-3091,global warming history completely coincides history artificial satellites use microwave frequencies outer space,"['evidence-917344', 'evidence-866933', 'evidence-520355', 'evidence-927151', 'evidence-20748']",time massive system artificial satellites placed orbit around earth communications satellite artificial satellite relays amplifies radio telecommunications signals via transponder creates communication channel source transmitter receiver different locations earth communications satellites use wide range radio microwave frequencies climate proxy records show natural variations offset early effects industrial revolution little net warming 18th century mid-19th century thermometer records began provide global coverage solar irradiance measured directly satellites indirect measurements available beginning early 1600s,NOT_ENOUGH_INFO
claim-141,greenpeace didn’t save whales switching whale oil petroleum palm oil,"['evidence-51845', 'evidence-1025353', 'evidence-917144', 'evidence-426684', 'evidence-784155']",greenpeace also critical extracting petroleum oil sands used direct action block operations athabasca oil sands canada another greenpeace movement concerning rain forests discouraging palm oil industries greenpeace also calling wilmar breaking commitment end deforestation policy signed wilmar december 2013 promise incorporate organic sustainable ways collect palm oil brands cannot let deception pass unchallenged choice suspend business wilmar prove trades clean palm oil responsible producers james robbins argued advent petroleum-refined kerosene saved species great whales extinction providing inexpensive substitute whale oil thus eliminating economic imperative open-boat whaling,NOT_ENOUGH_INFO
claim-1933,newt gingrich teamed nancy pelosi al gore global warming,"['evidence-380361', 'evidence-977987', 'evidence-837633', 'evidence-787339', 'evidence-971592']",urge gore add going vegetarian global warming pledge gore initially hesitant bill clinton running mate 1992 united states presidential election clashing george h w bush administration global warming issues decided accept offer known one atari democrats later called democrats greens politicians see issues like clean air clean water global warming key future victories party gingrich identified education number one factor future prosperity partnered al sharpton education secretary arne duncan education issues former foes clinton gingrich band health care plan,NOT_ENOUGH_INFO
claim-1689,evidence building net cloud feedback likely positive unlikely strongly negative,['evidence-95001'],analyses found iris effect positive feedback rather negative feedback proposed lindzen,SUPPORTS
claim-443,“today climate scientists obsessed level carbon dioxide atmosphere small part overall picture,['evidence-555729'],world important greenhouse gas carbon dioxide by-product burning fossil fuels,REFUTES
claim-2037,rate renewable energy installations eu 2018 less half maximum level achieved 2010,"['evidence-1113929', 'evidence-363747', 'evidence-268009', 'evidence-90731', 'evidence-1065009']",although significant variation national targets average 22% electricity generated renewables 2010 compared 13 9% 1997 european commission proposed renewable energy roadmap21 binding target increasing level renewable energy eu overall mix less 7% today 20% 2020 january 2014 eu agreed 40% emissions reduction 2030 compared 1990 levels 27% renewable energy target expected provide 70 000 full-time jobs cut €33bn fossil fuel imports installed wind power capacity european union totalled 93 957 megawatts mw 2011 enough supply 6 3% eu electricity several countries achieved relatively high levels wind power penetration 21% stationary electricity production denmark 18% portugal 16% spain 14% ireland 2010 since continued expand installed capacity,NOT_ENOUGH_INFO
claim-1734,jim hansen several possible scenarios mid-level scenario b right,"['evidence-1005240', 'evidence-485896', 'evidence-147653', 'evidence-210167', 'evidence-901245']",described intermediate scenario likely real-world greenhouse gas forcing closest scenario 2000 hansen authored paper called global warming twenty-first century alternative scenario presented optimistic way dealing global warming focusing non-co2 gases black carbon short run giving time make reductions fossil fuel emissions described business-as-usual scenario greenhouse gases growing approximately 2% per year alternate scenario greenhouse gases concentrations decline alternate scenario would keep warming climate sensitivity 3 °c doubled co 2 know right scenarios,NOT_ENOUGH_INFO
claim-2093,impacts climate co2 presents danger public health welfare thus qualifies air pollutant,['evidence-743065'],air pollutant material air adverse effects humans ecosystem,SUPPORTS
claim-1400,late 1970s marked end 30-year cooling trend,['evidence-502252'],based orbital models cooling trend initiated 6 000 years ago continue another 23 000 years,REFUTES
claim-1638,worry global warming impacts next 100 years ice age 10 000 years,"['evidence-336096', 'evidence-418973', 'evidence-142343', 'evidence-954212', 'evidence-1016625']",global climatic changes occurred slowly prior rise human civilization 10 thousand years ago near end last major ice age climate became stable [citation needed] amount heat trapping gases emitted earth oceans atmosphere prevent next ice age otherwise would begin around 50 000 years likely glacial cycles global anthropogenic greenhouse gas emissions 2010 equivalent 49 billion tonnes carbon dioxide using recent global warming potentials 100 years ar5 report current projected consequences global warming include largely ice-free arctic ocean within 5–20 years see arctic shrinkage projections based special report emissions scenarios suggest warming 21st century rapid rate experienced least last 10 000 years,NOT_ENOUGH_INFO
claim-3075,multiple lines evidence indicate greenland ice loss accelerating contribute sea level rise order metres next centuries,"['evidence-59240', 'evidence-391045', 'evidence-123917']",glaciers greenland also contributing rise global sea level faster previously believed estimates future contribution sea level rise greenland range 0 3 3 metres 1 10 ft year 2100 contribution greenland ice sheet sea level next couple centuries high due self-reinforcing cycle so-called positive feedback,SUPPORTS
claim-38,scientists studying antarctica sea ice warn rise accumulation could spark next ice age,['evidence-591257'],40-y record reveals gradual antarctic sea ice increases followed decreases rates far exceeding rates seen arctic,REFUTES
claim-1643,al gore book quite accurate far accurate contrarian books,"['evidence-506072', 'evidence-1109658', 'evidence-1087633', 'evidence-1033955']",2007 court case british judge said doubt film broadly accurate four main scientific hypotheses supported vast quantity research upheld nine long schedule alleged errors presented court 19 climate scientists seen movie read homonymous book said gore accurately conveyed science errors making qualitative point entirely accurate story scientifically accurate yet understandable public public less less drawn science,SUPPORTS
claim-1259,north-east midwest upper great plains experienced 30% increase heavy rainfall episodes – considered once-in-every-five year downpours – parts west particularly california parched drought,"['evidence-17722', 'evidence-1023411', 'evidence-443760', 'evidence-948853']",water use conservation california politically divisive issue state experiences periodic droughts balance demands large agricultural urban sectors especially arid southern portion state valley experienced severe drought 2011 2017 august 2014 three-year drought prompting changes agriculture industry valley drought much common west rest united states,SUPPORTS
claim-1605,scientists retracted claim sea levels rising,"['evidence-988277', 'evidence-1091550', 'evidence-98543', 'evidence-1121998']",sea level rise continue many centuries effects global warming include rising sea levels regional changes precipitation frequent extreme weather events heat waves expansion deserts since least start 20th century average global sea level rising scientists keep upping projections much oceans rise century,REFUTES
claim-1711,global warming climate change mean different things used decades,"['evidence-59188', 'evidence-1121750']",global warming climate change often used interchangeably research 1950s suggested temperatures increasing 1952 newspaper used term climate change,DISPUTED
claim-2236,majority peer reviewed research time predicted warming due increasing co2,['evidence-976285'],survey peer-reviewed scientific papers published 1965 1979 shows large majority research time predicted earth would warm carbon-dioxide levels rose — indeed,SUPPORTS
claim-1040,evidence earth’s orbital variations impact radiation levels thus global temperatures course mean man way impacting climate studies like highlight role man plays planet dwarfed natural phenomena utterly control,"['evidence-550422', 'evidence-163450', 'evidence-1107482', 'evidence-1137996', 'evidence-720840']",many interesting palaeoclimate studies suggest solar variability influence pre-industrial climate consensus several factors important atmospheric composition concentrations carbon dioxide methane specific levels previously mentioned gases able seen new ice core samples epica dome c antarctica past 800 000 years changes earth orbit around sun known milankovitch cycles motion tectonic plates resulting changes relative location amount continental oceanic crust earth surface affect wind ocean currents variations solar output orbital dynamics earth–moon system impact relatively large meteorites volcanism including eruptions supervolcanoes physical evidence shows variation earth climate much extreme variation intensity solar radiation calculated earth orbit evolves since orbital variations predictable model relates orbital variations climate run forward predict future climate two caveats mechanism orbital forcing influences climate definitive non-orbital effects important example human impact environment principally increases greenhouse gases result warmer climate milankovitch studied changes movements earth alter amount location solar radiation reaching earth,NOT_ENOUGH_INFO
claim-392,study totally debunks whole concept man-made global warming,"['evidence-724010', 'evidence-846906', 'evidence-1007867']",global change research program concluded [global] warming unequivocal primarily human-induced warming likely human-made scientists reach 100% consensus anthropogenic global warming,REFUTES
claim-368,recent ipcc report lays future limit global heating 1 5°c instead paris agreement’s 2°c,"['evidence-853312', 'evidence-839100', 'evidence-46356', 'evidence-994667']",2015 un countries negotiated paris agreement aims keep climate change well 2 °c meeting paris target 1 5 °c 2 7 °f possible would require deep emissions reductions rapid far-reaching unprecedented changes aspects society deep reductions non-co2 emissions nitrous oxide methane also required limit warming 1 5 °c holding rise 1 5 °c avoids worst effects rise even 2 °c,DISPUTED
claim-559,lot evidence climate change diminishing biodiversity seen alpine meadows well,"['evidence-1047048', 'evidence-109104', 'evidence-885423', 'evidence-942611']",climate change proven affect biodiversity evidence supporting altering effects widespread dominance hierarchies diversity species richness vascular plants alpine meadow contrasting short medium term responses simulated global change increased temperatures may allow herbivores expand alpine regions significant impacting composition alpine herbfields statement goes assert evidence accumulating wildlife wildlife habitats continue significantly affected ongoing large-scale rapid climate change,SUPPORTS
claim-2583,unit co2 put atmosphere less less warming impact,"['evidence-827004', 'evidence-677057', 'evidence-1169593', 'evidence-1099186', 'evidence-178206']",international community began long process towards building effective international domestic measures tackle ghg emissions carbon dioxide methane nitrous oxide hydroflurocarbons perfluorocarbons sulphur hexafluoride response increasing assertions global warming happening due man-made emissions uncertainty likely consequences creates air pollution including nitrous oxides particulates significant contributor global warming emission carbon dioxide transport fastest-growing emission sector still global warming potential landfill gas emitted atmosphere significant kyoto protocol international treaty extends 1992 united nations framework convention climate change unfccc commits state parties reduce greenhouse gas emissions based scientific consensus part one global warming occurring part two extremely likely human-made co2 emissions predominantly caused additional co2 led projected increase warming 0 1 1 5 °c,NOT_ENOUGH_INFO
claim-2609,individual carbon dioxide molecules short life time around 5 years atmosphere,"['evidence-185746', 'evidence-801956', 'evidence-938381']",carbon dioxide greatest concern exerts larger overall warming influence gases combined long atmospheric lifetime hundreds thousands years due carbon dioxide long lifetime atmosphere atmospheric lifetime co 2 estimated order 30–95 years,REFUTES
claim-492,like claims regarding global warming real effect small probably temporary likely due natural weather patterns,"['evidence-896442', 'evidence-504446', 'evidence-128422', 'evidence-479999', 'evidence-1091550']",effects climate change human systems mostly due warming shifts precipitation detected worldwide impacts include direct effects extreme weather leading injury loss life indirect effects undernutrition brought crop failures slower pace warming attributed combination natural fluctuations reduced solar activity increased volcanic activity climate change may due natural internal processes external forcings modulations solar cycles volcanic eruptions persistent anthropogenic changes composition atmosphere land use effects global warming include rising sea levels regional changes precipitation frequent extreme weather events heat waves expansion deserts,DISPUTED
claim-1420,concentrated atmosphere gases allow warmth sun’s rays reflected earth dispersed space,"['evidence-1069448', 'evidence-767961']",last phenomenon known greenhouse effect trace molecules within atmosphere serve capture thermal energy emitted ground thereby raising average temperature ozone acts greenhouse gas absorbing infrared energy emitted earth,SUPPORTS
claim-1089,last year’s warmth manifested across planet warm tropical ocean waters coast northeastern australia great barrier reef experienced worst coral bleaching event record large scale coral death arctic sea ice hit regular monthly record lows overall temperatures also warmest record least january september 2016,"['evidence-815795', 'evidence-197787', 'evidence-95039', 'evidence-617908']",global mass coral bleaching occurring since 2014 highest recorded temperatures plaguing oceans coral reef provinces permanently damaged warm sea temperatures severely indian ocean march 2016 report stated coral bleaching widespread previously thought seriously affecting northern parts reef result warming ocean temperatures march 2017 journal nature published paper showing huge sections 800-kilometre 500 mi stretch northern part reef died course 2016 due high water temperatures event authors put effects global climate change,SUPPORTS
claim-1467,amount carbon dioxide absorbed upper layer oceans increasing 2 billion tons per year,"['evidence-425667', 'evidence-956954', 'evidence-923136', 'evidence-498380', 'evidence-257475']",human activities emit 29 billion tons carbon dioxide per year volcanoes emit 0 2 0 3 billion tons oceans act enormous carbon sink taken third co 2 emitted human activity concentration carbon dioxide increases atmosphere increased uptake carbon dioxide oceans causing measurable decrease ph oceans referred ocean acidification current annual increase atmospheric co2 approximately 4 gigatons carbon carbon dioxide absorbed atmosphere ocean surface exchange rate varies locally average oceans net absorption co2 2 2 pg c per year,NOT_ENOUGH_INFO
claim-444,carbon dioxide trace gas ”,['evidence-1190705'],carbon dioxide earth atmosphere trace gas currently mid 2018 global average concentration 409 parts per million volume 622 parts per million mass,SUPPORTS
claim-803,team climate scientists notes failing predict warming ‘hiatus’ beginning 21st century intergovernmental panel climate change ipcc models overestimated temperature increases…,"['evidence-968233', 'evidence-325440', 'evidence-1197833', 'evidence-657969']",models referenced intergovernmental panel climate change ipcc predict global temperatures likely increase 1 1 6 4 °c 2 0 11 5 °f 1990 2100 observed increase hurricane intensity larger climate models predict sea surface temperature changes experienced judge global mean surface air temperature increased 0 3 0 6 °c last 100 years broadly consistent prediction climate models also magnitude natural climate variability finished report summarizes findings scientists showing maintaining temperature rise 1 5 °c remains possible rapid far-reaching transitions energy land urban infrastructure industrial systems,DISPUTED
claim-1668,thick arctic sea ice rapid retreat,"['evidence-280204', 'evidence-1200544', 'evidence-629116']",retreat arctic sea ice accelerate global warming less ice cover reflects less solar radiation may serious climate implications contributing arctic cyclone generation 2002 12 km 7 5 mi long floating terminus glacier entered phase rapid retreat ice front breaking floating terminus disintegrating accelerating retreat rate 30 98 ft per day composite record arctic ice demonstrates floes retreat began around 1900 experiencing rapid melting beginning within past 50 years,SUPPORTS
claim-742,global human emissions 3 per cent total annual emissions,"['evidence-556098', 'evidence-215052']",one largest sources greenhouse gases responsible 18% world greenhouse gas emissions measured co2 equivalents 2008 countries kyoto cap made less one-third annual global carbon dioxide emissions fuel combustion,REFUTES
claim-846,words trapped arctic permafrost twice much carbon currently wrecking atmosphere planet scheduled released date keeps getting moved partially form gas multiplies warming power 86 times,"['evidence-1173602', 'evidence-769821', 'evidence-94074']",melting ice may release large quantities methane powerful greenhouse gas atmosphere causing warming strong positive feedback cycle release methane carbon dioxide stored permafrost could cause abrupt severe global warming potent greenhouse gases permafrost melts releases carbon form carbon dioxide methane greenhouse gases,SUPPORTS
claim-2119,lindzen choi find low climate sensitivity,['evidence-127999'],lindzen given estimates earth climate sensitivity 0 5 °c based erbe data,SUPPORTS
claim-1167,lake-bottom sediments florida tell us recent major hurricane activity gulf mexico less frequent centuries past,['evidence-1150262'],major hurricanes struck gulf coast 3000–1400 bc recent millennium,REFUTES
claim-623,noted oceanographer walter munk referred sea-level rise “enigma”,"['evidence-584943', 'evidence-965161']",climate-change–driven accelerated sea-level rise detected altimeter era work described came known munk enigma large discrepancy observed rate sea level rise expected effects earth rotation,DISPUTED
claim-2882,trenberth views clarified paper imperative climate change planning tracking earth global energy,['evidence-363958'],imperative climate change planning tracking earth global energy,SUPPORTS
claim-1698,around 97% climate experts agree humans causing global warming,"['evidence-503460', 'evidence-797793']",97% agree explicitly implicitly global warming happening human-caused 97% scientists surveyed agreed global temperatures increased past 100 years 84% said personally believed human-induced warming occurring 74% agreed currently available scientific evidence substantiated occurrence,DISPUTED
claim-181,reefs need carbon dioxide it’s basic food,"['evidence-881960', 'evidence-903942', 'evidence-795828', 'evidence-218166', 'evidence-114903']",symbiotic relationship zooxanthellae benefit using nitrogenous waste carbon dioxide produced host cnidarian gains photosynthetic capability increased production calcium carbonate substance great importance stony corals aerobic creatures need oxygen cellular respiration uses oxygen break foods energy produces carbon dioxide waste product aerobic organisms gas exchange particularly important respiration involves uptake oxygen 2 release carbon dioxide co 2 ocean acidification ongoing decrease ph earth oceans caused uptake carbon dioxide co 2 atmosphere marine life plays important part carbon cycle photosynthetic organisms convert dissolved carbon dioxide organic carbon economically important humans providing fish use food,NOT_ENOUGH_INFO
claim-281,interview bbc scandal broke dr jones admitted statistically significant global warming since 1995,"['evidence-18549', 'evidence-298772', 'evidence-509654']",american association advancement science aaas reaffirmed position global warming expressed grave concerns illegal release private emails stolen university east anglia cause policy-makers public become confused scientific basis global climate change late 2011 steven f hayward wrote climategate global warming controversy pentagon papers vietnam war 40 years ago changed narrative decisively quote fact account lack warming moment travesty,DISPUTED
claim-2809,motions massive oceans heat moved deep layers surface provides variability time scales years centuries,"['evidence-383714', 'evidence-94747', 'evidence-213245']",surface water temperatures vary latitude current systems season reflect latitudinal distribution solar energy range −2 °c 28 °f 30 °c 86 °f fluctuations atmospheric temperature sea surface temperature precipitation parameters quasi-periodic often occurring inter-annual multi-annual decadal multidecadal century-wide millennial longer timescales el niño la niña important temperature fluctuations surface waters tropical eastern pacific ocean,SUPPORTS
claim-1928,nasa finds antarctica gaining ice,"['evidence-1099128', 'evidence-529248', 'evidence-591257']",mass gains antarctic ice sheet exceed losses study concludes antarctica gaining ice rather losing 40-y record reveals gradual antarctic sea ice increases followed decreases rates far exceeding rates seen arctic,DISPUTED
claim-2787,hansen 1988 results evidence actual climate sensitivity 3°c doubling atmospheric co2,"['evidence-632574', 'evidence-918450', 'evidence-692256']",without feedbacks radiative forcing approximately 3 7 w/m2 due doubling co 2 pre-industrial 280 ppm would eventually result roughly 1 °c global warming equilibrium climate sensitivity ecs refers equilibrium change global mean near-surface air temperature would result sustained doubling atmospheric equivalent co 2 concentration δt2× first paper matter estimated global temperature would rise around 5 6 °c 9 0 10 8 °f quantity co 2 doubled,DISPUTED
claim-478,protecting restoring forests would reduce 18% emissions 2030,"['evidence-890810', 'evidence-328157', 'evidence-347403', 'evidence-594952', 'evidence-609211']",10% per annum zero emissions reached around 2030 targets year 2030 reduce ghg emission 40% level 1990 un estimate deforestation forest degradation make 17% global carbon emissions makes second polluting sector following energy industry japan needs reduce 26% green house gas emission 2013 2030 accomplish paris agreement trying reduce 2% forestry report mentioned would require global net human-caused emissions carbon dioxide co2 fall 45% 2010 levels 2030 reaching net zero around 2050 “rapid far-reaching” transitions land energy industry buildings transport cities,NOT_ENOUGH_INFO
claim-988,unlikely scenarios sudden becoming probable thought ’ says sweet ”,"['evidence-305696', 'evidence-444836', 'evidence-108865', 'evidence-44133', 'evidence-459314']",recent decades specialists continued support interpretation peter schrijver said large extent linguistics responsible thinking terms drastic scenarios demographic change late roman britain many feasible scenarios constructed account evidence therefore scenarios justified evidence created account historical evidence universally accepted reverse possibility small group broke wandered india western asia readily dismissed improbably long migration without least bit evidence contrary reasons believe altogether question,NOT_ENOUGH_INFO
claim-266,ipcc longer includes ‘hockey stick’ chart reports,"['evidence-380933', 'evidence-281372', 'evidence-327755', 'evidence-794055', 'evidence-1085447']",besides sixth assessment report completed 2022 ipcc released special report global warming 1 5 °c october 2018 released update 2006 guidelines national greenhouse gas inventories—the 2019 refinement—in may 2019 delivered two special reports 2019 special report climate change land srccl published online 7 august special report ocean cryosphere changing climate srocc released 25 september 2019 paragraph 2007 working group ii report impacts adaptation vulnerability chapter 10 included projection himalayan glaciers could disappear 2035 glaciers himalaya receding faster part world see table 10 9 present rate continues likelihood disappearing year 2035 perhaps sooner high earth keeps warming current rate third assessment report tar prominently featured graph labeled millennial northern hemisphere temperature reconstruction based 1999 paper michael e mann raymond bradley malcolm k hughes mbh99 referred hockey stick graph contrarian john lawrence daly featured modified version ipcc 1990 schematic mis-identified appearing ipcc 1995 report argued overturning previous view 1995 report ipcc presented hockey stick new orthodoxy hardly apology explanation abrupt u-turn since 1995 report ipcc published five comprehensive assessment reports reviewing latest climate science well number special reports particular topics,NOT_ENOUGH_INFO
claim-2282,isolated cases growing glaciers overwhelming trend glaciers worldwide retreat,"['evidence-797867', 'evidence-152443', 'evidence-272489', 'evidence-947076']",following little ice age end around 1850 glaciers around earth retreated substantially slight cooling led advance many alpine glaciers 1950 1985 since 1985 glacier retreat mass loss become larger increasingly ubiquitous recent years scientists monitored notable increase rate glacier retreat across region result climate change glaciers currently retreating significant rates throughout southern hemisphere,SUPPORTS
claim-2895,latest measurements involve use satellite gravimetry estimating mass terrain beneath detecting slight changes gravity satellite passes overhead,"['evidence-8627', 'evidence-81511']",twin grace satellites circle globe 15 times day sense minute variations earth gravitational pull first uses measure changes gravity varying densities distribution masses inside earth temporal tidal variations shape distribution mass oceans atmosphere earth,SUPPORTS
claim-349,evidence increase floods globally,"['evidence-323541', 'evidence-636631']",increase temperatures worldwide due climate change increase flooding unavoidable widespread coastal flooding expected several degrees warming sustained millennia,REFUTES
claim-2101,clouds provide negative feedback,"['evidence-207443', 'evidence-1029618', 'evidence-208863']",albedo increased cloudiness cools climate resulting negative feedback reflection infrared radiation clouds warms climate resulting positive feedback broadly speaking clouds especially low clouds increase warmer climate resultant cooling effect leads negative feedback climate response increased greenhouse gases low clouds decrease high clouds increase feedback positive,DISPUTED
claim-897,report […] found united states one pollution-free nations world ”,['evidence-783786'],since 2007 total greenhouse gas emissions united states second highest country exceeded china,REFUTES
claim-3063,another global warming myth comes crashing,"['evidence-780841', 'evidence-53215', 'evidence-240527', 'evidence-1068590', 'evidence-588917']",henderson asserts decline number pirates years cause global warming conspiracy behind anthropogenic global warming myth aka agw aka manbearpig suddenly brutally quite deliciously exposed contretemps climate bully wonders whether science degree delingpole engaged climate change denialism 2009 wrote conspiracy behind anthropogenic global warming myth standard global warming theory predicts stratosphere cool climate change myths realities,NOT_ENOUGH_INFO
claim-386,renew­ables wind turbines environmentally disastrous pollute huge land area slice dice birds bats kill insects bird food create health problems humans live within kilometres leave toxins around turbine site despoil landscape,['evidence-555861'],fossil-fueled power plants wind turbines generally require make weather dependent intermittency kill almost 20 times many birds per gigawatt hour gwh electricity according sovacool,REFUTES
claim-2691,myriad radiative forcings affect planet energy imbalance,"['evidence-1190716', 'evidence-2462', 'evidence-814421', 'evidence-968110', 'evidence-1106814']",radiative forcing measure various factors alter energy balance earth atmosphere climate forcings changes cause temperatures rise fall disrupting energy balance radiative forcing climate forcing difference insolation sunlight absorbed earth energy radiated back space changes earth radiative equilibrium cause temperatures rise fall decadal periods called climate forcings radiation balance altered factors intensity solar energy reflectivity clouds gases absorption various greenhouse gases surfaces heat emission various materials,SUPPORTS
claim-530,south australia winning unreliable grid world outside africa expensive electricity,['evidence-67732'],[citation needed] south australia highest retail price electricity country,SUPPORTS
claim-2979,water vapor helps trap heat far strongest major greenhouse gases contributing 36–72 percent greenhouse effect,"['evidence-909112', 'evidence-706949']",1859 onwards showed effect due small proportion atmosphere main gases effect largely due water vapour though small percentages hydrocarbons carbon dioxide significant effect water vapor potent greenhouse gas owing presence hydroxyl bond strongly absorbs infra-red region light spectrum,SUPPORTS
claim-665,many scientists surprised researchers subsequently found ringed bearded seals primary prey polar bears north bering strait especially thrived longer open-water season particularly conducive fishing,"['evidence-1105120', 'evidence-143437', 'evidence-133419', 'evidence-726838', 'evidence-578925']",natural predators bearded seal include polar bears rely seals major food source polar bear carnivorous species bear diet primarily consists ringed pusa hispida bearded erignathus barbatus seals polar bear carnivorous member bear family throughout range diet primarily consists ringed pusa hispida bearded seals erignathus barbatus polar bear tends frequent areas sea ice meets water polynyas leads temporary stretches open water arctic ice hunt seals make diet ringed seals one primary prey polar bears killer whales long component diet indigenous people arctic,NOT_ENOUGH_INFO
claim-199,past warming never threat life earth,"['evidence-255653', 'evidence-817833']",global warming major threat global biodiversity given potential threat marine ecosystems ensuing impact human society economy especially acts conjunction anthropogenic global warming urgent need immediate action,REFUTES
claim-490,ipcc report warning last week world “nowhere near track” meet paris commitments,"['evidence-225934', 'evidence-432573', 'evidence-1046773']",although parties unfccc agreed deep cuts emissions required global warming limited well 2 °c 3 6 °f paris agreement 2016 earth average surface temperature already increased half threshold current pledges countries cut emissions inadequate limit future warming world track 3 °c warming current global climate pledges warns un australia track reach 2030 paris target potential,SUPPORTS
claim-2400,suddenly label co2 pollutant disservice gas played enormous role development sustainability life wonderful earth,"['evidence-409365', 'evidence-127519', 'evidence-852573', 'evidence-1022738']",stated article 2 convention requires greenhouse gas ghg concentrations stabilized atmosphere level ecosystems adapt naturally climate change food production threatened economic development proceed sustainable fashion emissions trading also known cap trade market-based approach controlling pollution providing economic incentives achieving reductions emissions pollutants hand extensive historical analysis technological efficiency improvements conclusively shown improvements efficiency use energy materials almost always outpaced economic growth large part rebound effect conservation jevons paradox resulting net increase resource use associated pollution book commission described four key elements sustainability respect energy ability increase supply energy meet growing human needs energy efficiency conservation public health safety protection biosphere prevention localized forms pollution,REFUTES
claim-204,natural orbitally driven warming atmospheric carbon dioxide content increases 800 years later,"['evidence-368192', 'evidence-261690', 'evidence-203533', 'evidence-803887', 'evidence-890534']",increases atmospheric concentrations co 2 long-lived greenhouse gases methane nitrous oxide ozone correspondingly strengthened absorption emission infrared radiation causing rise average global temperature since mid-20th century earth increasing surface temperature accelerate inorganic carbon cycle reducing co 2 concentration levels lethally low plants 10 ppm c4 photosynthesis approximately 100–900 million years along decrease atmospheric carbon dioxide reducing global temperature orbital factors ice creation seen 100 000-year 400 000-year fluctuations benthic oxygen isotope records current warming period expected last another 50 000 years due minimum eccentricity earth orbit associated period massive carbon release atmosphere estimated lasted 20 000 50 000 years,NOT_ENOUGH_INFO
claim-1426,many world’s coral reefs already barren state constant decline,"['evidence-1124018', 'evidence-995813', 'evidence-1161994', 'evidence-288294', 'evidence-946262']",tropical waters contain nutrients yet coral reef flourish like oasis desert example midway atoll hawaii supports nearly three million seabirds including two-thirds 1 5 million global population laysan albatross one-third global population black-footed albatross approximately 10% world coral reefs dead aquaculture showing promise potentially effective tool restoring coral reefs declining around world rapidly result transitions barren landscapes relatively species persist,NOT_ENOUGH_INFO
claim-698,recent study led lawrence livermore national laboratory climate scientist ben santer found models ran hot ‘overestimation’ ‘partly due systematic deficiencies post-2000 external forcings used model simulations ’,['evidence-660755'],2007 study david douglass coworkers concluded 22 commonly used global climate models used ipcc unable accurately predict accelerated warming troposphere although match actual surface warming concluding projections future climate based models viewed much caution,REFUTES
claim-1021,corals may save many creatures attempting moving toward poles earth warms establishing new reefs cooler water ”,"['evidence-242575', 'evidence-1175280']",poleward migration coral species refers phenomenon brought rising sea temperatures wherein corals colonising cooler climates attempt circumvent coral bleaching rising sea levels ocean acidification one way however corals might escape ocean warming migrate cooler waters,SUPPORTS
