claim_id,claim_text,evidence_id,evidence_text
claim-752,['[south australia] expensive electricity world'],"['evidence-1567', 'evidence-140462', 'evidence-989499', 'evidence-304264', 'evidence-779876']","['colonists including thomas jefferson began research confirm warming', 'likely person though difficult confirm certain', 'record label put press release confirm deal', 'game mode x button used confirm orders', 'national congress called confirm result']"
claim-375,['3 per cent total annual global emissions carbon dioxide humans australia prod\xaduces 1 3 per cent 3 per cent amount emissions reductio\xadn effect global climate'],"['evidence-742972', 'evidence-68000', 'evidence-508805', 'evidence-1087424', 'evidence-1191135']","['0 ° c freezing point water celsius scale', 'celsius family swedish family anders celsius inventor celsius temperature scale belongs', 'nepal temperature risen 0 6 degrees celsius last decade whereas globally earth warmed approximately 0 7 degrees celsius last hundred years', 'helicobacter typhlonius grow 37 degrees celsius well 42 degrees celsius however cannot grown 25 degrees celsius presence 1 5% sodium chloride', '1742 anders celsius swedish astronomer proposed centigrade temperature scale predecessor current celsius scale']"
claim-1266,['means world 1c warmer pre-industrial times'],"['evidence-722375', 'evidence-913789', 'evidence-19385', 'evidence-724010', 'evidence-96775']","['induced aggravated human activities e g', '2012 attributed 2010 moscow 2011 texas heat waves human-induced global warming', 'vahrenholt belongs minority skeptical human-induced global warming', 'global change research program concluded [global] warming unequivocal primarily human-induced', 'mitigation policies substantially reduce risks associated human-induced global warming']"
claim-871,['“as happens zika may also good model second worrying effect — disease mutation'],"['evidence-1080520', 'evidence-913789', 'evidence-19385', 'evidence-724010', 'evidence-96775']","['four aspects global education universities india might focus global curriculum global faculty global degrees global interaction', '2012 attributed 2010 moscow 2011 texas heat waves human-induced global warming', 'vahrenholt belongs minority skeptical human-induced global warming', 'global change research program concluded [global] warming unequivocal primarily human-induced', 'mitigation policies substantially reduce risks associated human-induced global warming']"
claim-2164,['greenland lost tiny fraction ice mass'],"['evidence-8189', 'evidence-121500', 'evidence-722375', 'evidence-143084', 'evidence-865377']","['human-induced forcings needed reproduce late-20th century warming', 'human-induced warming associated sea level rises expected continue 21st century', 'induced aggravated human activities e g', 'human-induced warming climate expected continue throughout 21st century beyond', 'penetration human-induced warming world oceans']"
claim-1607,['co2 limits cool planet'],"['evidence-8189', 'evidence-121500', 'evidence-143084', 'evidence-846906', 'evidence-865377']","['human-induced forcings needed reproduce late-20th century warming', 'human-induced warming associated sea level rises expected continue 21st century', 'human-induced warming climate expected continue throughout 21st century beyond', 'warming likely human-made', 'penetration human-induced warming world oceans']"
claim-761,['[riebesell] world authority topic typically communicated cautiously effects acidification'],"['evidence-413410', 'evidence-182430', 'evidence-403673', 'evidence-769578', 'evidence-114562']","['greenhouse gas causing warming rate warming higher troposphere surface', 'cooling contributed towards recent global warming hiatus surface temperatures would change enhanced surface warming next phase oscillation', 'global warming 1 5 °c', 'greenhouse gas causing warming rate warming higher troposphere surface', 'report also said current atmospheric data sets show global-average warming similar surface warming']"
claim-1718,['actual data show high northern latitudes warmer today 1940'],"['evidence-570183', 'evidence-233177', 'evidence-322303', 'evidence-889933', 'evidence-898614', 'evidence-72690']","['climate data', 'important climate', 'climate also referred mountain climate highland climate', 'multiple independently produced instrumental datasets confirm 2009–2018 decade 0 93 ± 0 07 °c warmer pre-industrial baseline 1850–1900', 'people regard climate change catastrophic irreversible rapid might label climate change climate crisis climate emergency', 'climate change']"
claim-1273,['rapid changes climate may profound consequences humans species… severe drought caused food shortages millions people ethiopia lack rainfall resulting “intense widespread” forest fires indonesia belched vast quantity greenhouse gas'],"['evidence-988909', 'evidence-742972', 'evidence-68000', 'evidence-889933', 'evidence-1087424', 'evidence-1191135']","['paris agreement aims combat global climate change keeping global temperature rise century well 2 degrees celsius pursue efforts limit temperature increase even 1 5 degrees celsius', '0 ° c freezing point water celsius scale', 'celsius family swedish family anders celsius inventor celsius temperature scale belongs', 'multiple independently produced instrumental datasets confirm 2009–2018 decade 0 93 ± 0 07 °c warmer pre-industrial baseline 1850–1900', 'helicobacter typhlonius grow 37 degrees celsius well 42 degrees celsius however cannot grown 25 degrees celsius presence 1 5% sodium chloride', '1742 anders celsius swedish astronomer proposed centigrade temperature scale predecessor current celsius scale']"
claim-1786,['cfcs contribute global waerming small level'],"['evidence-232147', 'evidence-130644', 'evidence-411279', 'evidence-403100', 'evidence-890592', 'evidence-361245']","['however record surface temperature near-surface temperature 1 5 meter used surface weather observations', 'since 1950 number cold days nights decreased number warm days night increased', 'corvus uk service designation outfit ulc lightweight quick reaction system self-defence surface vessels surface-to-surface air-to-surface missiles', 'image 2d surface changes surface rotates', 'sediment contamination surface water common surface mining', 'four surfaces anterior surface orbital superior surface nasal medial surface infratemporal posterior surface']"
claim-2796,['used currently accepted value approximately 3°c warming doubling atmospheric co2 hansen would correctly projected ensuing global warming'],"['evidence-68000', 'evidence-233177', 'evidence-322303', 'evidence-898614', 'evidence-72690']","['celsius family swedish family anders celsius inventor celsius temperature scale belongs', 'important climate', 'climate also referred mountain climate highland climate', 'people regard climate change catastrophic irreversible rapid might label climate change climate crisis climate emergency', 'climate change']"
claim-2580,['volcanoes emit around 0 3 billion tonnes co2 per year'],"['evidence-232147', 'evidence-411279', 'evidence-403100', 'evidence-890592', 'evidence-361245']","['however record surface temperature near-surface temperature 1 5 meter used surface weather observations', 'corvus uk service designation outfit ulc lightweight quick reaction system self-defence surface vessels surface-to-surface air-to-surface missiles', 'image 2d surface changes surface rotates', 'sediment contamination surface water common surface mining', 'four surfaces anterior surface orbital superior surface nasal medial surface infratemporal posterior surface']"
claim-1219,['global warming driving major melting surface greenland’s glaciers speeding travel sea ”'],"['evidence-413410', 'evidence-182430', 'evidence-554535', 'evidence-769578', 'evidence-114562']","['greenhouse gas causing warming rate warming higher troposphere surface', 'cooling contributed towards recent global warming hiatus surface temperatures would change enhanced surface warming next phase oscillation', 'specifically surface data showed substantial global-average warming early versions satellite radiosonde data showed little warming surface', 'greenhouse gas causing warming rate warming higher troposphere surface', 'report also said current atmospheric data sets show global-average warming similar surface warming']"
claim-75,['science clear climate change making extreme weather events including tornadoes worse'],"['evidence-413410', 'evidence-182430', 'evidence-889933', 'evidence-554535', 'evidence-769578', 'evidence-114562']","['greenhouse gas causing warming rate warming higher troposphere surface', 'cooling contributed towards recent global warming hiatus surface temperatures would change enhanced surface warming next phase oscillation', 'multiple independently produced instrumental datasets confirm 2009–2018 decade 0 93 ± 0 07 °c warmer pre-industrial baseline 1850–1900', 'specifically surface data showed substantial global-average warming early versions satellite radiosonde data showed little warming surface', 'greenhouse gas causing warming rate warming higher troposphere surface', 'report also said current atmospheric data sets show global-average warming similar surface warming']"
claim-2813,['fact authors go estimate climate sensitivity findings calculate value 2 3 4 1°c'],"['evidence-232147', 'evidence-411279', 'evidence-403100', 'evidence-890592', 'evidence-889933', 'evidence-361245']","['however record surface temperature near-surface temperature 1 5 meter used surface weather observations', 'corvus uk service designation outfit ulc lightweight quick reaction system self-defence surface vessels surface-to-surface air-to-surface missiles', 'image 2d surface changes surface rotates', 'sediment contamination surface water common surface mining', 'multiple independently produced instrumental datasets confirm 2009–2018 decade 0 93 ± 0 07 °c warmer pre-industrial baseline 1850–1900', 'four surfaces anterior surface orbital superior surface nasal medial surface infratemporal posterior surface']"
claim-2335,['satellite measurements infrared spectra past 40 years observe less energy escaping space wavelengths associated co2'],"['evidence-1032659', 'evidence-310000', 'evidence-889933', 'evidence-934030', 'evidence-38396', 'evidence-1037265']","['reserves division two thirds division three', 'home almost two-thirds north carolina population', 'multiple independently produced instrumental datasets confirm 2009–2018 decade 0 93 ± 0 07 °c warmer pre-industrial baseline 1850–1900', 'second line two thirds curved upper third interrupted middle vertical two thirds inner margin lower third', 'last 100 years earth average surface temperature increased 0 8 °c 1 4 °f two thirds increase occurring last three decades', 'since published 40 titles two thirds children']"
claim-161,['extreme melting changes climate like released pressure continent allowing ground rise'],"['evidence-232147', 'evidence-310000', 'evidence-889933', 'evidence-934030', 'evidence-361245', 'evidence-38396']","['however record surface temperature near-surface temperature 1 5 meter used surface weather observations', 'home almost two-thirds north carolina population', 'multiple independently produced instrumental datasets confirm 2009–2018 decade 0 93 ± 0 07 °c warmer pre-industrial baseline 1850–1900', 'second line two thirds curved upper third interrupted middle vertical two thirds inner margin lower third', 'four surfaces anterior surface orbital superior surface nasal medial surface infratemporal posterior surface', 'last 100 years earth average surface temperature increased 0 8 °c 1 4 °f two thirds increase occurring last three decades']"
claim-2243,['co2 amplifies warming mixes atmosphere spreading warming throughout planet'],"['evidence-232147', 'evidence-411279', 'evidence-403100', 'evidence-890592', 'evidence-889933', 'evidence-361245']","['however record surface temperature near-surface temperature 1 5 meter used surface weather observations', 'corvus uk service designation outfit ulc lightweight quick reaction system self-defence surface vessels surface-to-surface air-to-surface missiles', 'image 2d surface changes surface rotates', 'sediment contamination surface water common surface mining', 'multiple independently produced instrumental datasets confirm 2009–2018 decade 0 93 ± 0 07 °c warmer pre-industrial baseline 1850–1900', 'four surfaces anterior surface orbital superior surface nasal medial surface infratemporal posterior surface']"
claim-1256,['‘next year year arctic free ice’'],"['evidence-232147', 'evidence-411279', 'evidence-403100', 'evidence-890592', 'evidence-889933', 'evidence-361245']","['however record surface temperature near-surface temperature 1 5 meter used surface weather observations', 'corvus uk service designation outfit ulc lightweight quick reaction system self-defence surface vessels surface-to-surface air-to-surface missiles', 'image 2d surface changes surface rotates', 'sediment contamination surface water common surface mining', 'multiple independently produced instrumental datasets confirm 2009–2018 decade 0 93 ± 0 07 °c warmer pre-industrial baseline 1850–1900', 'four surfaces anterior surface orbital superior surface nasal medial surface infratemporal posterior surface']"
claim-506,['100 climate models past 30 years predict actually happened assumed carbon dioxide pivotal role driving climate change effects clouds back-radiation sun trivial'],"['evidence-508494', 'evidence-225290', 'evidence-556196', 'evidence-889933', 'evidence-345071', 'evidence-1123694']","['daytime temperatures risen fast nighttime temperatures', 'land air temperatures rising faster sea surface temperatures', 'temperatures low', 'multiple independently produced instrumental datasets confirm 2009–2018 decade 0 93 ± 0 07 °c warmer pre-industrial baseline 1850–1900', 'local average temperatures vary 6 30 degrees celsius', 'agreement goal keep temperatures 1 5 degrees celsius']"
claim-369,['2050 there’s scientific consensus reached tipping point ice sheets greenland west antarctic'],"['evidence-1120350', 'evidence-225290', 'evidence-556196', 'evidence-820551', 'evidence-329101']","['currently surface temperatures rising 0 2 °c per decade', 'land air temperatures rising faster sea surface temperatures', 'temperatures low', 'equatorial pacific atlantic cool surface temperatures northern summer east cooler surface temperatures prevail western indian ocean', 'instrumental temperature record provides temperature earth climate system historical network situ measurements surface air temperatures ocean surface temperatures']"
claim-2184,['ice ages warmer periods alligators found spitzbergen'],"['evidence-232147', 'evidence-450124', 'evidence-890592', 'evidence-361245', 'evidence-16594']","['however record surface temperature near-surface temperature 1 5 meter used surface weather observations', 'point — 8 2*4', 'sediment contamination surface water common surface mining', 'four surfaces anterior surface orbital superior surface nasal medial surface infratemporal posterior surface', 'example surface near point meaning coordinates vanishing point form']"
claim-1057,['“moreover ocean already contains so-called oxygen minimum zones generally found middle depths'],"['evidence-232147', 'evidence-450124', 'evidence-361245', 'evidence-744193', 'evidence-16594']","['however record surface temperature near-surface temperature 1 5 meter used surface weather observations', 'point — 8 2*4', 'four surfaces anterior surface orbital superior surface nasal medial surface infratemporal posterior surface', 'state northernmost point southernmost point easternmost point westernmost point', 'example surface near point meaning coordinates vanishing point form']"
claim-104,['increases atmospheric co2 followed increases temperature'],"['evidence-232147', 'evidence-450124', 'evidence-361245', 'evidence-744193', 'evidence-16594']","['however record surface temperature near-surface temperature 1 5 meter used surface weather observations', 'point — 8 2*4', 'four surfaces anterior surface orbital superior surface nasal medial surface infratemporal posterior surface', 'state northernmost point southernmost point easternmost point westernmost point', 'example surface near point meaning coordinates vanishing point form']"
claim-1975,['claim 97 percent scientists believe humans causing climate change debunked head united nations intergovernmental panel climate change'],"['evidence-450124', 'evidence-541151', 'evidence-930592', 'evidence-182431', 'evidence-889933', 'evidence-744193']","['point — 8 2*4', 'point — 10 2*5', 'state territory northernmost point southernmost point easternmost point westernmost point', 'point — 20 5*4', 'multiple independently produced instrumental datasets confirm 2009–2018 decade 0 93 ± 0 07 °c warmer pre-industrial baseline 1850–1900', 'state northernmost point southernmost point easternmost point westernmost point']"
claim-139,['january one five british children told pollsters nightmares climate change'],"['evidence-1080520', 'evidence-1122343', 'evidence-417371', 'evidence-889933', 'evidence-860146', 'evidence-885043']","['four aspects global education universities india might focus global curriculum global faculty global degrees global interaction', 'global change research program', 'accurately global warming mainly human-caused increase global surface temperatures projected continuation climate change includes global warming effects changes precipitation', 'multiple independently produced instrumental datasets confirm 2009–2018 decade 0 93 ± 0 07 °c warmer pre-industrial baseline 1850–1900', '2010 hansen published paper entitled global surface temperature change describing current global temperature analysis', 'global change research program']"
claim-2062,['global warming increasing magnitude frequency droughts floods'],"['evidence-232147', 'evidence-403100', 'evidence-890592', 'evidence-889933', 'evidence-361245', 'evidence-1182055']","['however record surface temperature near-surface temperature 1 5 meter used surface weather observations', 'image 2d surface changes surface rotates', 'sediment contamination surface water common surface mining', 'multiple independently produced instrumental datasets confirm 2009–2018 decade 0 93 ± 0 07 °c warmer pre-industrial baseline 1850–1900', 'four surfaces anterior surface orbital superior surface nasal medial surface infratemporal posterior surface', 'much colder conditions actually exist earth surface global mean surface temperature 14 °c']"
claim-1160,['co2 atmosphere challenge [feeding 2 5 billion people] met'],"['evidence-232147', 'evidence-411279', 'evidence-403100', 'evidence-890592', 'evidence-889933', 'evidence-361245']","['however record surface temperature near-surface temperature 1 5 meter used surface weather observations', 'corvus uk service designation outfit ulc lightweight quick reaction system self-defence surface vessels surface-to-surface air-to-surface missiles', 'image 2d surface changes surface rotates', 'sediment contamination surface water common surface mining', 'multiple independently produced instrumental datasets confirm 2009–2018 decade 0 93 ± 0 07 °c warmer pre-industrial baseline 1850–1900', 'four surfaces anterior surface orbital superior surface nasal medial surface infratemporal posterior surface']"
claim-2679,['solubility carbon dioxide water listed handbook chemistry physics declining function temperature'],"['evidence-232147', 'evidence-890592', 'evidence-889933', 'evidence-104203', 'evidence-361245', 'evidence-1182055']","['however record surface temperature near-surface temperature 1 5 meter used surface weather observations', 'sediment contamination surface water common surface mining', 'multiple independently produced instrumental datasets confirm 2009–2018 decade 0 93 ± 0 07 °c warmer pre-industrial baseline 1850–1900', 'institute research combines analysis comprehensive global datasets derived surface stations combined satellite data ssts global models atmospheric land surface oceanic processes', 'four surfaces anterior surface orbital superior surface nasal medial surface infratemporal posterior surface', 'much colder conditions actually exist earth surface global mean surface temperature 14 °c']"
claim-2662,['contention wolfgang knorr department earth sciences university bristol england carbon dioxide levels atmosphere 160 years ago quoted ken ward jr'],"['evidence-988909', 'evidence-668884', 'evidence-1080520', 'evidence-98833', 'evidence-889933', 'evidence-98914']","['paris agreement aims combat global climate change keeping global temperature rise century well 2 degrees celsius pursue efforts limit temperature increase even 1 5 degrees celsius', 'co2', 'four aspects global education universities india might focus global curriculum global faculty global degrees global interaction', 'due projected growth air travel technologically radical scenarios better 50 chance keeping global warming 2 degrees celsius 2050 aviation make 15 global co2 emissions', 'multiple independently produced instrumental datasets confirm 2009–2018 decade 0 93 ± 0 07 °c warmer pre-industrial baseline 1850–1900', 'also close correlation co2 temperature co2 strong control global temperatures earth history']"
claim-1490,['concentration carbon dioxide earth’s atmosphere climbed level last seen 3 million years ago — humans even appeared rocky ball call home'],"['evidence-130311', 'evidence-844901', 'evidence-169460', 'evidence-889933', 'evidence-742308', 'evidence-678783']","['ongoing efforts resolve differences satellite temperature datasets', 'work described resulted variety datasets possessing different formats time/space grids periods record regions coverage input datasets analysis procedures well many different forms dataset version designators', 'every confidence science various datasets use', 'multiple independently produced instrumental datasets confirm 2009–2018 decade 0 93 ± 0 07 °c warmer pre-industrial baseline 1850–1900', 'datasets also contribute ongoing efforts measure local regional national impacts climate change', 'datasets updated frequently generally close agreement']"
claim-2768,['long term trend albedo cooling'],"['evidence-232147', 'evidence-169460', 'evidence-889933', 'evidence-104203', 'evidence-361245', 'evidence-678783']","['however record surface temperature near-surface temperature 1 5 meter used surface weather observations', 'every confidence science various datasets use', 'multiple independently produced instrumental datasets confirm 2009–2018 decade 0 93 ± 0 07 °c warmer pre-industrial baseline 1850–1900', 'institute research combines analysis comprehensive global datasets derived surface stations combined satellite data ssts global models atmospheric land surface oceanic processes', 'four surfaces anterior surface orbital superior surface nasal medial surface infratemporal posterior surface', 'datasets updated frequently generally close agreement']"
claim-2168,['ipcc graph showing accelerating trends misleading'],"['evidence-413410', 'evidence-182430', 'evidence-352729', 'evidence-403673', 'evidence-889933', 'evidence-769578']","['greenhouse gas causing warming rate warming higher troposphere surface', 'cooling contributed towards recent global warming hiatus surface temperatures would change enhanced surface warming next phase oscillation', 'regional variation warming warming higher latitudes evidence warming anthropogenic origin', 'global warming 1 5 °c', 'multiple independently produced instrumental datasets confirm 2009–2018 decade 0 93 ± 0 07 °c warmer pre-industrial baseline 1850–1900', 'greenhouse gas causing warming rate warming higher troposphere surface']"
claim-785,['many cases though — hurricanes example — linkage global warming particular trends uncertain disputed'],"['evidence-668884', 'evidence-247680', 'evidence-178206', 'evidence-403673', 'evidence-889933', 'evidence-352729']","['co2', 'know co2 causing warming', 'additional co2 led projected increase warming 0 1 1 5 °c', 'global warming 1 5 °c', 'multiple independently produced instrumental datasets confirm 2009–2018 decade 0 93 ± 0 07 °c warmer pre-industrial baseline 1850–1900', 'regional variation warming warming higher latitudes evidence warming anthropogenic origin']"
claim-2426,['twentieth century global warming start 1910'],"['evidence-232147', 'evidence-924208', 'evidence-322950', 'evidence-889933', 'evidence-361245', 'evidence-1149268']","['however record surface temperature near-surface temperature 1 5 meter used surface weather observations', 'despite harsh conditions surface atmospheric pressure temperature 50 km 65 km surface planet nearly earth making upper atmosphere earth-like area solar system even surface mars', 'heating atmosphere aloft also leads cooling surface resulting less evaporation surface water', 'multiple independently produced instrumental datasets confirm 2009–2018 decade 0 93 ± 0 07 °c warmer pre-industrial baseline 1850–1900', 'four surfaces anterior surface orbital superior surface nasal medial surface infratemporal posterior surface', 'soot suspended atmosphere directly absorbs solar radiation heating atmosphere cooling surface']"
claim-1292,['reasonable person recognize positives negatives among policy proposals tories labour'],"['evidence-733076', 'evidence-889933', 'evidence-203457', 'evidence-183662', 'evidence-1177428', 'evidence-1149268']","['removal atmosphere', 'multiple independently produced instrumental datasets confirm 2009–2018 decade 0 93 ± 0 07 °c warmer pre-industrial baseline 1850–1900', 'point shift reducing atmosphere oxidizing atmosphere', 'atmosphere many things qualities atmosphere measured', 'temperature atmosphere', 'soot suspended atmosphere directly absorbs solar radiation heating atmosphere cooling surface']"
claim-993,['mean rise little 3mm per year worldwide since 1990s last decade noaa virginia key tide gauge south miami beach measured 9mm rise annually ”'],"['evidence-68000', 'evidence-733076', 'evidence-889933', 'evidence-203457', 'evidence-183662', 'evidence-1177428']","['celsius family swedish family anders celsius inventor celsius temperature scale belongs', 'removal atmosphere', 'multiple independently produced instrumental datasets confirm 2009–2018 decade 0 93 ± 0 07 °c warmer pre-industrial baseline 1850–1900', 'point shift reducing atmosphere oxidizing atmosphere', 'atmosphere many things qualities atmosphere measured', 'temperature atmosphere']"
claim-2593,['[t]he study indicates “greenland’s ice may less susceptible massive meltdown predicted computer models climate change main author said interview'],"['evidence-726293', 'evidence-733076', 'evidence-889933', 'evidence-183662', 'evidence-1177428', 'evidence-504215']","['forcing term used meteorologists describe situation change event one part atmosphere causes strengthening change another part atmosphere', 'removal atmosphere', 'multiple independently produced instrumental datasets confirm 2009–2018 decade 0 93 ± 0 07 °c warmer pre-industrial baseline 1850–1900', 'atmosphere many things qualities atmosphere measured', 'temperature atmosphere', 'equation states entropy atmosphere change height']"
claim-1567,['ipcc overestimate temperature rise'],"['evidence-362283', 'evidence-844901', 'evidence-169460', 'evidence-889933', 'evidence-742308', 'evidence-678783']","['role solar activity climate change also calculated longer time periods using proxy datasets tree rings', 'work described resulted variety datasets possessing different formats time/space grids periods record regions coverage input datasets analysis procedures well many different forms dataset version designators', 'every confidence science various datasets use', 'multiple independently produced instrumental datasets confirm 2009–2018 decade 0 93 ± 0 07 °c warmer pre-industrial baseline 1850–1900', 'datasets also contribute ongoing efforts measure local regional national impacts climate change', 'datasets updated frequently generally close agreement']"
claim-1834,['14 august 1912 article new zealand newspaper contained brief story burning coal might produce future warming adding carbon dioxide atmosphere'],"['evidence-988909', 'evidence-742972', 'evidence-68000', 'evidence-889933', 'evidence-1087424', 'evidence-1191135']","['paris agreement aims combat global climate change keeping global temperature rise century well 2 degrees celsius pursue efforts limit temperature increase even 1 5 degrees celsius', '0 ° c freezing point water celsius scale', 'celsius family swedish family anders celsius inventor celsius temperature scale belongs', 'multiple independently produced instrumental datasets confirm 2009–2018 decade 0 93 ± 0 07 °c warmer pre-industrial baseline 1850–1900', 'helicobacter typhlonius grow 37 degrees celsius well 42 degrees celsius however cannot grown 25 degrees celsius presence 1 5% sodium chloride', '1742 anders celsius swedish astronomer proposed centigrade temperature scale predecessor current celsius scale']"
claim-856,['pathbreaking work rosamond naylor david battisti shown tropics already hot efficiently grow grain places grain produced today already optimal growing temperature — means even small warming push slope declining productivity'],"['evidence-742972', 'evidence-68000', 'evidence-889933', 'evidence-508805', 'evidence-1087424', 'evidence-1191135']","['0 ° c freezing point water celsius scale', 'celsius family swedish family anders celsius inventor celsius temperature scale belongs', 'multiple independently produced instrumental datasets confirm 2009–2018 decade 0 93 ± 0 07 °c warmer pre-industrial baseline 1850–1900', 'nepal temperature risen 0 6 degrees celsius last decade whereas globally earth warmed approximately 0 7 degrees celsius last hundred years', 'helicobacter typhlonius grow 37 degrees celsius well 42 degrees celsius however cannot grown 25 degrees celsius presence 1 5% sodium chloride', '1742 anders celsius swedish astronomer proposed centigrade temperature scale predecessor current celsius scale']"
claim-540,['heatwave europe something expected 1c warming'],"['evidence-232147', 'evidence-411279', 'evidence-403100', 'evidence-890592', 'evidence-361245']","['however record surface temperature near-surface temperature 1 5 meter used surface weather observations', 'corvus uk service designation outfit ulc lightweight quick reaction system self-defence surface vessels surface-to-surface air-to-surface missiles', 'image 2d surface changes surface rotates', 'sediment contamination surface water common surface mining', 'four surfaces anterior surface orbital superior surface nasal medial surface infratemporal posterior surface']"
claim-757,['grasslands crops forests territorial waters australia absorb carbon dioxide australia emits'],"['evidence-232147', 'evidence-169460', 'evidence-104203', 'evidence-361245', 'evidence-678783']","['however record surface temperature near-surface temperature 1 5 meter used surface weather observations', 'every confidence science various datasets use', 'institute research combines analysis comprehensive global datasets derived surface stations combined satellite data ssts global models atmospheric land surface oceanic processes', 'four surfaces anterior surface orbital superior surface nasal medial surface infratemporal posterior surface', 'datasets updated frequently generally close agreement']"
claim-1407,['“in award winning book ‘taken storm’ 2007 canadian researchers christopher essex ross mckitrick explain ‘temperature amount something [like height weight]'],"['evidence-130311', 'evidence-844901', 'evidence-169460', 'evidence-889933', 'evidence-742308', 'evidence-678783']","['ongoing efforts resolve differences satellite temperature datasets', 'work described resulted variety datasets possessing different formats time/space grids periods record regions coverage input datasets analysis procedures well many different forms dataset version designators', 'every confidence science various datasets use', 'multiple independently produced instrumental datasets confirm 2009–2018 decade 0 93 ± 0 07 °c warmer pre-industrial baseline 1850–1900', 'datasets also contribute ongoing efforts measure local regional national impacts climate change', 'datasets updated frequently generally close agreement']"
claim-3070,['government proposing put risk manufacturing industry penalise struggling families make tough situation worse millions households right around australia'],"['evidence-130311', 'evidence-844901', 'evidence-169460', 'evidence-889933', 'evidence-742308', 'evidence-678783']","['ongoing efforts resolve differences satellite temperature datasets', 'work described resulted variety datasets possessing different formats time/space grids periods record regions coverage input datasets analysis procedures well many different forms dataset version designators', 'every confidence science various datasets use', 'multiple independently produced instrumental datasets confirm 2009–2018 decade 0 93 ± 0 07 °c warmer pre-industrial baseline 1850–1900', 'datasets also contribute ongoing efforts measure local regional national impacts climate change', 'datasets updated frequently generally close agreement']"
claim-1745,['ipcc simply updated temperature history graphs show best data available time'],"['evidence-169460', 'evidence-889933', 'evidence-104203', 'evidence-361245', 'evidence-742308', 'evidence-678783']","['every confidence science various datasets use', 'multiple independently produced instrumental datasets confirm 2009–2018 decade 0 93 ± 0 07 °c warmer pre-industrial baseline 1850–1900', 'institute research combines analysis comprehensive global datasets derived surface stations combined satellite data ssts global models atmospheric land surface oceanic processes', 'four surfaces anterior surface orbital superior surface nasal medial surface infratemporal posterior surface', 'datasets also contribute ongoing efforts measure local regional national impacts climate change', 'datasets updated frequently generally close agreement']"
claim-1515,['one really knows last year 2016 global temperature record'],"['evidence-232147', 'evidence-411279', 'evidence-403100', 'evidence-890592', 'evidence-889933', 'evidence-361245']","['however record surface temperature near-surface temperature 1 5 meter used surface weather observations', 'corvus uk service designation outfit ulc lightweight quick reaction system self-defence surface vessels surface-to-surface air-to-surface missiles', 'image 2d surface changes surface rotates', 'sediment contamination surface water common surface mining', 'multiple independently produced instrumental datasets confirm 2009–2018 decade 0 93 ± 0 07 °c warmer pre-industrial baseline 1850–1900', 'four surfaces anterior surface orbital superior surface nasal medial surface infratemporal posterior surface']"
claim-1519,['earth’s climate changing response increasing concentrations greenhouse gases ghgs particulate matter atmosphere largely result human activities'],"['evidence-232147', 'evidence-668884', 'evidence-979052', 'evidence-889933', 'evidence-361245', 'evidence-831735']","['however record surface temperature near-surface temperature 1 5 meter used surface weather observations', 'co2', 'co2 emissions continuing rise due burning fossil fuels land-use change', 'multiple independently produced instrumental datasets confirm 2009–2018 decade 0 93 ± 0 07 °c warmer pre-industrial baseline 1850–1900', 'four surfaces anterior surface orbital superior surface nasal medial surface infratemporal posterior surface', 'alternative fuels known non-conventional advanced fuels materials substances used fuels conventional fuels']"
claim-3069,['continued greenhouse gas emissions current rates would cause warming induce many changes global climate system 21st century would likely larger observed 20th century'],"['evidence-127475', 'evidence-1126083', 'evidence-272633', 'evidence-1037726', 'evidence-889933', 'evidence-188096']","['cold spring township erected 1857 taking name cold springs area', 'cold sulphur springs called cold soufrière located near village', 'includes studio version ``cold cold water acoustic renditions songs advisory committee album', 'mechanism possibly caused cold ocean surface temperature anomaly currently observed near greenland cold blob north atlantic', 'multiple independently produced instrumental datasets confirm 2009–2018 decade 0 93 ± 0 07 °c warmer pre-industrial baseline 1850–1900', 'cold spring sometimes spelled cold springs unincorporated community bledsoe county tennessee united states']"
claim-677,['“which say beans eaten cows cows convert beans meat humans eat meat'],"['evidence-196416', 'evidence-411391', 'evidence-77605', 'evidence-889933', 'evidence-72690', 'evidence-182543']","['name change accompanied change group sound', 'marginal change change associated relaxation tightening constraints — either change constraints change response change constraints', 'name change due change corporate sponsorship', 'multiple independently produced instrumental datasets confirm 2009–2018 decade 0 93 ± 0 07 °c warmer pre-industrial baseline 1850–1900', 'climate change', 'integrated change management includes updating change request form change originator also tracking change change control register']"
claim-765,['broader term covers changes beyond warmer temperatures shifting rainfall patterns ”'],"['evidence-182543', 'evidence-362283', 'evidence-169460', 'evidence-889933', 'evidence-742308', 'evidence-678783']","['integrated change management includes updating change request form change originator also tracking change change control register', 'role solar activity climate change also calculated longer time periods using proxy datasets tree rings', 'every confidence science various datasets use', 'multiple independently produced instrumental datasets confirm 2009–2018 decade 0 93 ± 0 07 °c warmer pre-industrial baseline 1850–1900', 'datasets also contribute ongoing efforts measure local regional national impacts climate change', 'datasets updated frequently generally close agreement']"
claim-2275,['[…] constant 24-7 media coverage every significant storm worldwide makes seem way ”'],"['evidence-362283', 'evidence-844901', 'evidence-169460', 'evidence-889933', 'evidence-742308', 'evidence-678783']","['role solar activity climate change also calculated longer time periods using proxy datasets tree rings', 'work described resulted variety datasets possessing different formats time/space grids periods record regions coverage input datasets analysis procedures well many different forms dataset version designators', 'every confidence science various datasets use', 'multiple independently produced instrumental datasets confirm 2009–2018 decade 0 93 ± 0 07 °c warmer pre-industrial baseline 1850–1900', 'datasets also contribute ongoing efforts measure local regional national impacts climate change', 'datasets updated frequently generally close agreement']"
claim-1113,['means jet stream meanders big loops bringing warm air frozen north cold air warmer southern climes ”'],"['evidence-196416', 'evidence-411391', 'evidence-77605', 'evidence-889933', 'evidence-72690', 'evidence-182543']","['name change accompanied change group sound', 'marginal change change associated relaxation tightening constraints — either change constraints change response change constraints', 'name change due change corporate sponsorship', 'multiple independently produced instrumental datasets confirm 2009–2018 decade 0 93 ± 0 07 °c warmer pre-industrial baseline 1850–1900', 'climate change', 'integrated change management includes updating change request form change originator also tracking change change control register']"
claim-2611,['final amount extra co2 remains atmosphere stays time scale centuries'],"['evidence-232147', 'evidence-411279', 'evidence-403100', 'evidence-890592', 'evidence-889933', 'evidence-361245']","['however record surface temperature near-surface temperature 1 5 meter used surface weather observations', 'corvus uk service designation outfit ulc lightweight quick reaction system self-defence surface vessels surface-to-surface air-to-surface missiles', 'image 2d surface changes surface rotates', 'sediment contamination surface water common surface mining', 'multiple independently produced instrumental datasets confirm 2009–2018 decade 0 93 ± 0 07 °c warmer pre-industrial baseline 1850–1900', 'four surfaces anterior surface orbital superior surface nasal medial surface infratemporal posterior surface']"
claim-2060,['global warming causing hurricanes stronger hurricanes'],"['evidence-232147', 'evidence-411279', 'evidence-403100', 'evidence-890592', 'evidence-889933', 'evidence-361245']","['however record surface temperature near-surface temperature 1 5 meter used surface weather observations', 'corvus uk service designation outfit ulc lightweight quick reaction system self-defence surface vessels surface-to-surface air-to-surface missiles', 'image 2d surface changes surface rotates', 'sediment contamination surface water common surface mining', 'multiple independently produced instrumental datasets confirm 2009–2018 decade 0 93 ± 0 07 °c warmer pre-industrial baseline 1850–1900', 'four surfaces anterior surface orbital superior surface nasal medial surface infratemporal posterior surface']"
claim-2326,['2007 northern hemisphere reached record low ice coverage northwest passage opened'],"['evidence-232147', 'evidence-411279', 'evidence-403100', 'evidence-890592', 'evidence-889933', 'evidence-361245']","['however record surface temperature near-surface temperature 1 5 meter used surface weather observations', 'corvus uk service designation outfit ulc lightweight quick reaction system self-defence surface vessels surface-to-surface air-to-surface missiles', 'image 2d surface changes surface rotates', 'sediment contamination surface water common surface mining', 'multiple independently produced instrumental datasets confirm 2009–2018 decade 0 93 ± 0 07 °c warmer pre-industrial baseline 1850–1900', 'four surfaces anterior surface orbital superior surface nasal medial surface infratemporal posterior surface']"
claim-1087,['particular signature warming 2016 also revealing another way overpeck said noting stratosphere… saw record cold temperatures last year'],"['evidence-232147', 'evidence-403100', 'evidence-890592', 'evidence-889933', 'evidence-361245', 'evidence-182543']","['however record surface temperature near-surface temperature 1 5 meter used surface weather observations', 'image 2d surface changes surface rotates', 'sediment contamination surface water common surface mining', 'multiple independently produced instrumental datasets confirm 2009–2018 decade 0 93 ± 0 07 °c warmer pre-industrial baseline 1850–1900', 'four surfaces anterior surface orbital superior surface nasal medial surface infratemporal posterior surface', 'integrated change management includes updating change request form change originator also tracking change change control register']"
claim-2867,['skeptics oppose scientific findings threaten world view far closer galileo belief-based critics catholic church'],"['evidence-196416', 'evidence-411391', 'evidence-77605', 'evidence-889933', 'evidence-72690', 'evidence-182543']","['name change accompanied change group sound', 'marginal change change associated relaxation tightening constraints — either change constraints change response change constraints', 'name change due change corporate sponsorship', 'multiple independently produced instrumental datasets confirm 2009–2018 decade 0 93 ± 0 07 °c warmer pre-industrial baseline 1850–1900', 'climate change', 'integrated change management includes updating change request form change originator also tracking change change control register']"
claim-2300,['austria today seeing earliest snowfall history 30 40 centimetres already predicted mountains'],"['evidence-196416', 'evidence-411391', 'evidence-77605', 'evidence-889933', 'evidence-72690', 'evidence-182543']","['name change accompanied change group sound', 'marginal change change associated relaxation tightening constraints — either change constraints change response change constraints', 'name change due change corporate sponsorship', 'multiple independently produced instrumental datasets confirm 2009–2018 decade 0 93 ± 0 07 °c warmer pre-industrial baseline 1850–1900', 'climate change', 'integrated change management includes updating change request form change originator also tracking change change control register']"
claim-2250,['global warming skeptics argue earth climate sensitivity low doubling atmospheric co2 result surface temperature change order 1°c less therefore global warming nothing worry'],"['evidence-1170729', 'evidence-733076', 'evidence-203457', 'evidence-183662', 'evidence-1177428']","['atmosphere likely retained gravity subject high temperature atmosphere low', 'removal atmosphere', 'point shift reducing atmosphere oxidizing atmosphere', 'atmosphere many things qualities atmosphere measured', 'temperature atmosphere']"
claim-2429,['32 years rapidly increasing global temperatures minor increase global co2 emissions followed 33 years slowly cooling global temperatures rapid increases global co2 emissions deceitful ipcc make claim co2 emissions primarily responsible observed 20th century global warming'],"['evidence-1205623', 'evidence-901953', 'evidence-715636', 'evidence-109198', 'evidence-805457']","['co2 concentration already released atmosphere since beginning industrialization risen well 300 ppm 415 ppm 2019', 'based current rate increase averaging 2 ppm per year greenhouse gas concentrations likely reach 400 ppm 2016 450 ppm 2041 550 ppm around 2091', 'estimated solid earth whole contains 730 ppm carbon 2000 ppm core 120 ppm combined mantle crust', 'atmospheric carbon dioxide increased 280 ppm 1750 383 ppm 2007 increasing average rate 2 ppm pr year', 'glacial–interglacial cycles past million years natural processes varied approximately 100 ppm 180 ppm 280 ppm anthropogenic net emissions increased atmospheric concentration comparable amount 280 ppm holocene pre-industrial equilibrium approximately 400 ppm 2015–2016 monthly monitoring data displaying rising trend 400 ppm']"
claim-3051,['natural influences particular impact el niño la niña removed recent termperature record evidence significant change human contribution climate change'],"['evidence-844466', 'evidence-541112', 'evidence-516572', 'evidence-558366', 'evidence-809695']","['released beneath surface 2002', 'released june 28 2005 j full surface records', 'released 1986', 'album released 1973 re-released 1990', 'released 1986 re-released 1994']"
claim-1549,['empirical evidence climate change'],"['evidence-196416', 'evidence-72690', 'evidence-1122343', 'evidence-885043', 'evidence-182543']","['name change accompanied change group sound', 'climate change', 'global change research program', 'global change research program', 'integrated change management includes updating change request form change originator also tracking change change control register']"
claim-261,['1995 one scientist ipcc – jonathan overpeck – wrote email colleague claiming ‘we get rid medieval warm period ’'],"['evidence-1120350', 'evidence-225290', 'evidence-556196', 'evidence-820551', 'evidence-329101']","['currently surface temperatures rising 0 2 °c per decade', 'land air temperatures rising faster sea surface temperatures', 'temperatures low', 'equatorial pacific atlantic cool surface temperatures northern summer east cooler surface temperatures prevail western indian ocean', 'instrumental temperature record provides temperature earth climate system historical network situ measurements surface air temperatures ocean surface temperatures']"
claim-2230,['[ice] expanding much antarctica contrary widespread public belief global warming melting continental ice cap'],"['evidence-232147', 'evidence-844466', 'evidence-225290', 'evidence-820551', 'evidence-361245']","['however record surface temperature near-surface temperature 1 5 meter used surface weather observations', 'released beneath surface 2002', 'land air temperatures rising faster sea surface temperatures', 'equatorial pacific atlantic cool surface temperatures northern summer east cooler surface temperatures prevail western indian ocean', 'four surfaces anterior surface orbital superior surface nasal medial surface infratemporal posterior surface']"
claim-2579,['past 250 years humans added one part co2 10 000 atmosphere'],"['evidence-232147', 'evidence-403100', 'evidence-844466', 'evidence-890592', 'evidence-361245']","['however record surface temperature near-surface temperature 1 5 meter used surface weather observations', 'image 2d surface changes surface rotates', 'released beneath surface 2002', 'sediment contamination surface water common surface mining', 'four surfaces anterior surface orbital superior surface nasal medial surface infratemporal posterior surface']"
claim-1416,['recent decades warming accompanied constant rise sea level would appear increase extreme weather events even scientifically determinable cause cannot assigned particular phenomenon'],"['evidence-657129', 'evidence-844466', 'evidence-516572', 'evidence-558366', 'evidence-809695']","['album originally released 1971 re-released 1990', 'released beneath surface 2002', 'released 1986', 'album released 1973 re-released 1990', 'released 1986 re-released 1994']"
claim-2497,['without forests humidity previously moisture-laden winds blew dry'],"['evidence-1122343', 'evidence-50590', 'evidence-724010', 'evidence-885043', 'evidence-182543']","['global change research program', 'global change research program usgcrp analyzes effects global change natural environment agriculture energy production use land water resources transportation human health welfare human social systems biological diversity analyzes current trends global change human-induced natural projects major trends subsequent 25 100 years', 'global change research program concluded [global] warming unequivocal primarily human-induced', 'global change research program', 'integrated change management includes updating change request form change originator also tracking change change control register']"
claim-811,['[climate scientists] say aspects case hurricane harvey—and recent history tropical cyclones worldwide—suggest global warming making bad situation worse'],"['evidence-922144', 'evidence-1122343', 'evidence-519034', 'evidence-1020939', 'evidence-885043']","['june 2009 ccsp changed name united states global change research program released unified synthesis report entitled global climate change impacts united states', 'global change research program', 'ccsp known us global change research program 2002 authorized global change research act 1990', 'change attributed increasingly cold winters arctic stratosphere altitude approximately 20 km 12 mi change associated global warming relationship still investigation', 'global change research program']"
claim-1896,['greg hunt csiro research shows carbon emissions reduced 20 per cent 40 years using nature soils trees'],"['evidence-1085806', 'evidence-125085', 'evidence-1122343', 'evidence-885043', 'evidence-182543']","['another election 1974 resulted little change', 'however little change made many parts world', 'global change research program', 'global change research program', 'integrated change management includes updating change request form change originator also tracking change change control register']"
claim-2819,['importantly oism list contains 39 scientists specialise climate science'],"['evidence-196416', 'evidence-72690', 'evidence-1122343', 'evidence-885043', 'evidence-182543']","['name change accompanied change group sound', 'climate change', 'global change research program', 'global change research program', 'integrated change management includes updating change request form change originator also tracking change change control register']"
claim-2643,['decline refers decline northern tree-rings global temperature openly discussed papers ipcc reports'],"['evidence-922144', 'evidence-1122343', 'evidence-519034', 'evidence-885043', 'evidence-182543']","['june 2009 ccsp changed name united states global change research program released unified synthesis report entitled global climate change impacts united states', 'global change research program', 'ccsp known us global change research program 2002 authorized global change research act 1990', 'global change research program', 'integrated change management includes updating change request form change originator also tracking change change control register']"
claim-1775,['venus likely underwent runaway ‘moist’ greenhouse phase earlier history today kept hot dense co2 atmosphere'],"['evidence-765194', 'evidence-946483', 'evidence-844466', 'evidence-541112', 'evidence-809695']","['currently half carbon dioxide released burning fossil fuels remains atmosphere absorbed vegetation oceans', 'carbon dioxide rock released atmosphere', 'released beneath surface 2002', 'released june 28 2005 j full surface records', 'released 1986 re-released 1994']"
claim-316,['models predicted seven times much warming observed'],"['evidence-232147', 'evidence-403100', 'evidence-844466', 'evidence-890592', 'evidence-361245']","['however record surface temperature near-surface temperature 1 5 meter used surface weather observations', 'image 2d surface changes surface rotates', 'released beneath surface 2002', 'sediment contamination surface water common surface mining', 'four surfaces anterior surface orbital superior surface nasal medial surface infratemporal posterior surface']"
claim-896,['according exposure particulate matter increases risk acute lower respiratory infection chronic obstructive pulmonary disease heart disease stroke lung cancer'],"['evidence-232147', 'evidence-844466', 'evidence-541112', 'evidence-361245', 'evidence-1182055']","['however record surface temperature near-surface temperature 1 5 meter used surface weather observations', 'released beneath surface 2002', 'released june 28 2005 j full surface records', 'four surfaces anterior surface orbital superior surface nasal medial surface infratemporal posterior surface', 'much colder conditions actually exist earth surface global mean surface temperature 14 °c']"
claim-331,['serial adjustment tended make early years colder increases warming trend'],"['evidence-232147', 'evidence-842998', 'evidence-517510', 'evidence-361245', 'evidence-898639']","['however record surface temperature near-surface temperature 1 5 meter used surface weather observations', 'public received well little little spread', 'anna little ann little annie little may refer', 'four surfaces anterior surface orbital superior surface nasal medial surface infratemporal posterior surface', 'little known species']"
claim-2574,['world scale coral reefs decline'],"['evidence-842998', 'evidence-517510', 'evidence-361245', 'evidence-644211', 'evidence-898639']","['public received well little little spread', 'anna little ann little annie little may refer', 'four surfaces anterior surface orbital superior surface nasal medial surface infratemporal posterior surface', 'little film survives little 60 seconds', 'little known species']"
claim-342,['members media may nod along claims [about changes weather extremes] evidence paints different story'],"['evidence-466701', 'evidence-842998', 'evidence-517510', 'evidence-644211', 'evidence-898639']","['little known relationship', 'public received well little little spread', 'anna little ann little annie little may refer', 'little film survives little 60 seconds', 'little known species']"
claim-2034,['latest ipcc reports ar5 shown global mean temperature forecasts 2005 ipcc report exceeded actual readings'],"['evidence-232147', 'evidence-844466', 'evidence-890592', 'evidence-361245', 'evidence-1182055']","['however record surface temperature near-surface temperature 1 5 meter used surface weather observations', 'released beneath surface 2002', 'sediment contamination surface water common surface mining', 'four surfaces anterior surface orbital superior surface nasal medial surface infratemporal posterior surface', 'much colder conditions actually exist earth surface global mean surface temperature 14 °c']"
claim-578,['‘if nothing reduce greenhouse gas emissions kind extreme heat saw past summer norm young son grown man ’'],"['evidence-844466', 'evidence-225290', 'evidence-558366', 'evidence-809695', 'evidence-88078']","['released beneath surface 2002', 'land air temperatures rising faster sea surface temperatures', 'album released 1973 re-released 1990', 'released 1986 re-released 1994', 'band released four singles album ``all ``little late ``turn ``supposed released exclusively canada']"
claim-976,['gas builds soil forming mounds called ‘pingoes ’'],"['evidence-196416', 'evidence-1085806', 'evidence-125085', 'evidence-72690', 'evidence-182543']","['name change accompanied change group sound', 'another election 1974 resulted little change', 'however little change made many parts world', 'climate change', 'integrated change management includes updating change request form change originator also tracking change change control register']"
claim-1097,['“[…]the impact calcification metabolism growth fertility survival calcifying marine species ph lowered 0 3 units […] beneficial damaging'],"['evidence-196416', 'evidence-1085806', 'evidence-125085', 'evidence-72690', 'evidence-182543']","['name change accompanied change group sound', 'another election 1974 resulted little change', 'however little change made many parts world', 'climate change', 'integrated change management includes updating change request form change originator also tracking change change control register']"
claim-609,['that’s antarctica’s mass shrinks ice sheet’s gravitational pull ocean relaxes somewhat seas travel back across globe pile far away — u coasts one prime destination ”'],"['evidence-657129', 'evidence-334887', 'evidence-516572', 'evidence-558366', 'evidence-809695']","['album originally released 1971 re-released 1990', '1 one released single', 'released 1986', 'album released 1973 re-released 1990', 'released 1986 re-released 1994']"
claim-173,['[carbon emissions] could see carbon black'],"['evidence-1120350', 'evidence-225290', 'evidence-817759', 'evidence-820551', 'evidence-329101']","['currently surface temperatures rising 0 2 °c per decade', 'land air temperatures rising faster sea surface temperatures', 'scientific literature strong consensus global surface temperatures increased recent decades trend caused human-induced emissions greenhouse gases', 'equatorial pacific atlantic cool surface temperatures northern summer east cooler surface temperatures prevail western indian ocean', 'instrumental temperature record provides temperature earth climate system historical network situ measurements surface air temperatures ocean surface temperatures']"
claim-1222,['melting greenland ice sheet already major contributor rising sea level eventually lost entirely oceans would rise six metres around world flooding many world’s largest cities'],"['evidence-657129', 'evidence-334887', 'evidence-516572', 'evidence-558366', 'evidence-809695']","['album originally released 1971 re-released 1990', '1 one released single', 'released 1986', 'album released 1973 re-released 1990', 'released 1986 re-released 1994']"
claim-2441,['furthermore physically incorrect state planet simply recovering little ice age'],"['evidence-722375', 'evidence-620111', 'evidence-143084', 'evidence-865377', 'evidence-932693']","['induced aggravated human activities e g', 'analogy made athlete steroids human-induced climate change', 'human-induced warming climate expected continue throughout 21st century beyond', 'penetration human-induced warming world oceans', 'film conclusion emphasises scientific consensus human-induced climate change']"
claim-756,['australia’s signed suicide note [with paris accord] yet didn’t seem notice china india indonesia us commit reducing large carbon dioxide emissions'],"['evidence-722375', 'evidence-620111', 'evidence-143084', 'evidence-865377', 'evidence-932693']","['induced aggravated human activities e g', 'analogy made athlete steroids human-induced climate change', 'human-induced warming climate expected continue throughout 21st century beyond', 'penetration human-induced warming world oceans', 'film conclusion emphasises scientific consensus human-induced climate change']"
claim-2577,['three recent articles give us reason question alarmists’ claims coral reefs deep trouble due buildup greenhouse gases world climate report'],"['evidence-971038', 'evidence-844466', 'evidence-943532', 'evidence-322303', 'evidence-537999']","['harrana climate much like parts country influenced moderate mediterranean climate west hot sahara climate east cold european climate north', 'released beneath surface 2002', 'example climate model simulations last century include major influences climate human-induced natural reproduce many important features observed climate change patterns', 'climate also referred mountain climate highland climate', 'vermont cold climate viticulture']"
claim-2890,['heat continuing build subsurface ocean'],"['evidence-232147', 'evidence-411279', 'evidence-403100', 'evidence-890592', 'evidence-361245']","['however record surface temperature near-surface temperature 1 5 meter used surface weather observations', 'corvus uk service designation outfit ulc lightweight quick reaction system self-defence surface vessels surface-to-surface air-to-surface missiles', 'image 2d surface changes surface rotates', 'sediment contamination surface water common surface mining', 'four surfaces anterior surface orbital superior surface nasal medial surface infratemporal posterior surface']"
claim-2478,['kerr 2007 points sunlight-reflecting haze cools much planet seems thinned past decade'],"['evidence-232147', 'evidence-411279', 'evidence-403100', 'evidence-890592', 'evidence-361245']","['however record surface temperature near-surface temperature 1 5 meter used surface weather observations', 'corvus uk service designation outfit ulc lightweight quick reaction system self-defence surface vessels surface-to-surface air-to-surface missiles', 'image 2d surface changes surface rotates', 'sediment contamination surface water common surface mining', 'four surfaces anterior surface orbital superior surface nasal medial surface infratemporal posterior surface']"
claim-2399,['greenhouse effect natural occurence much warming severe negative impacts agriculture health environment'],"['evidence-232147', 'evidence-411279', 'evidence-403100', 'evidence-890592', 'evidence-361245']","['however record surface temperature near-surface temperature 1 5 meter used surface weather observations', 'corvus uk service designation outfit ulc lightweight quick reaction system self-defence surface vessels surface-to-surface air-to-surface missiles', 'image 2d surface changes surface rotates', 'sediment contamination surface water common surface mining', 'four surfaces anterior surface orbital superior surface nasal medial surface infratemporal posterior surface']"
claim-3091,['global warming history completely coincides history artificial satellites use microwave frequencies outer space'],"['evidence-232147', 'evidence-403100', 'evidence-890592', 'evidence-719989', 'evidence-361245']","['however record surface temperature near-surface temperature 1 5 meter used surface weather observations', 'image 2d surface changes surface rotates', 'sediment contamination surface water common surface mining', 'humans also cause surface water lost e', 'four surfaces anterior surface orbital superior surface nasal medial surface infratemporal posterior surface']"
claim-141,['greenpeace didn’t save whales switching whale oil petroleum palm oil'],"['evidence-722375', 'evidence-913789', 'evidence-19385', 'evidence-724010', 'evidence-865377']","['induced aggravated human activities e g', '2012 attributed 2010 moscow 2011 texas heat waves human-induced global warming', 'vahrenholt belongs minority skeptical human-induced global warming', 'global change research program concluded [global] warming unequivocal primarily human-induced', 'penetration human-induced warming world oceans']"
claim-1933,['newt gingrich teamed nancy pelosi al gore global warming'],"['evidence-722375', 'evidence-913789', 'evidence-19385', 'evidence-724010', 'evidence-865377']","['induced aggravated human activities e g', '2012 attributed 2010 moscow 2011 texas heat waves human-induced global warming', 'vahrenholt belongs minority skeptical human-induced global warming', 'global change research program concluded [global] warming unequivocal primarily human-induced', 'penetration human-induced warming world oceans']"
claim-1689,['evidence building net cloud feedback likely positive unlikely strongly negative'],"['evidence-722375', 'evidence-913789', 'evidence-19385', 'evidence-724010', 'evidence-865377']","['induced aggravated human activities e g', '2012 attributed 2010 moscow 2011 texas heat waves human-induced global warming', 'vahrenholt belongs minority skeptical human-induced global warming', 'global change research program concluded [global] warming unequivocal primarily human-induced', 'penetration human-induced warming world oceans']"
claim-443,['“today climate scientists obsessed level carbon dioxide atmosphere small part overall picture'],"['evidence-722375', 'evidence-842998', 'evidence-517510', 'evidence-644211', 'evidence-898639']","['induced aggravated human activities e g', 'public received well little little spread', 'anna little ann little annie little may refer', 'little film survives little 60 seconds', 'little known species']"
claim-2037,['rate renewable energy installations eu 2018 less half maximum level achieved 2010'],"['evidence-1170010', 'evidence-722375', 'evidence-620111', 'evidence-143084', 'evidence-932693']","['unanimous agreement found among models future climate change reduce efficiency land ocean carbon cycle absorb human-induced co result larger fraction human-induced co stay airborne climate change controls carbon cycle', 'induced aggravated human activities e g', 'analogy made athlete steroids human-induced climate change', 'human-induced warming climate expected continue throughout 21st century beyond', 'film conclusion emphasises scientific consensus human-induced climate change']"
claim-1734,['jim hansen several possible scenarios mid-level scenario b right'],"['evidence-232147', 'evidence-722375', 'evidence-620111', 'evidence-143084', 'evidence-361245']","['however record surface temperature near-surface temperature 1 5 meter used surface weather observations', 'induced aggravated human activities e g', 'analogy made athlete steroids human-induced climate change', 'human-induced warming climate expected continue throughout 21st century beyond', 'four surfaces anterior surface orbital superior surface nasal medial surface infratemporal posterior surface']"
claim-2093,['impacts climate co2 presents danger public health welfare thus qualifies air pollutant'],"['evidence-722375', 'evidence-620111', 'evidence-143084', 'evidence-865377', 'evidence-932693']","['induced aggravated human activities e g', 'analogy made athlete steroids human-induced climate change', 'human-induced warming climate expected continue throughout 21st century beyond', 'penetration human-induced warming world oceans', 'film conclusion emphasises scientific consensus human-induced climate change']"
claim-1400,['late 1970s marked end 30-year cooling trend'],"['evidence-722375', 'evidence-913789', 'evidence-19385', 'evidence-724010', 'evidence-865377']","['induced aggravated human activities e g', '2012 attributed 2010 moscow 2011 texas heat waves human-induced global warming', 'vahrenholt belongs minority skeptical human-induced global warming', 'global change research program concluded [global] warming unequivocal primarily human-induced', 'penetration human-induced warming world oceans']"
claim-1638,['worry global warming impacts next 100 years ice age 10 000 years'],"['evidence-722375', 'evidence-913789', 'evidence-724010', 'evidence-865377', 'evidence-517510']","['induced aggravated human activities e g', '2012 attributed 2010 moscow 2011 texas heat waves human-induced global warming', 'global change research program concluded [global] warming unequivocal primarily human-induced', 'penetration human-induced warming world oceans', 'anna little ann little annie little may refer']"
claim-3075,['multiple lines evidence indicate greenland ice loss accelerating contribute sea level rise order metres next centuries'],"['evidence-466701', 'evidence-842998', 'evidence-517510', 'evidence-644211', 'evidence-898639']","['little known relationship', 'public received well little little spread', 'anna little ann little annie little may refer', 'little film survives little 60 seconds', 'little known species']"
claim-38,['scientists studying antarctica sea ice warn rise accumulation could spark next ice age'],"['evidence-722375', 'evidence-620111', 'evidence-913789', 'evidence-724010', 'evidence-865377']","['induced aggravated human activities e g', 'analogy made athlete steroids human-induced climate change', '2012 attributed 2010 moscow 2011 texas heat waves human-induced global warming', 'global change research program concluded [global] warming unequivocal primarily human-induced', 'penetration human-induced warming world oceans']"
claim-1643,['al gore book quite accurate far accurate contrarian books'],"['evidence-722375', 'evidence-913789', 'evidence-19385', 'evidence-724010', 'evidence-865377']","['induced aggravated human activities e g', '2012 attributed 2010 moscow 2011 texas heat waves human-induced global warming', 'vahrenholt belongs minority skeptical human-induced global warming', 'global change research program concluded [global] warming unequivocal primarily human-induced', 'penetration human-induced warming world oceans']"
claim-1259,['north-east midwest upper great plains experienced 30% increase heavy rainfall episodes – considered once-in-every-five year downpours – parts west particularly california parched drought'],"['evidence-722375', 'evidence-724010', 'evidence-817759', 'evidence-361245', 'evidence-742898']","['induced aggravated human activities e g', 'global change research program concluded [global] warming unequivocal primarily human-induced', 'scientific literature strong consensus global surface temperatures increased recent decades trend caused human-induced emissions greenhouse gases', 'four surfaces anterior surface orbital superior surface nasal medial surface infratemporal posterior surface', 'scientific literature overwhelming consensus global surface temperatures increased recent decades trend caused mainly human-induced emissions greenhouse gases']"
claim-1605,['scientists retracted claim sea levels rising'],"['evidence-722375', 'evidence-620111', 'evidence-143084', 'evidence-865377', 'evidence-932693']","['induced aggravated human activities e g', 'analogy made athlete steroids human-induced climate change', 'human-induced warming climate expected continue throughout 21st century beyond', 'penetration human-induced warming world oceans', 'film conclusion emphasises scientific consensus human-induced climate change']"
claim-1711,['global warming climate change mean different things used decades'],"['evidence-722375', 'evidence-620111', 'evidence-143084', 'evidence-865377', 'evidence-932693']","['induced aggravated human activities e g', 'analogy made athlete steroids human-induced climate change', 'human-induced warming climate expected continue throughout 21st century beyond', 'penetration human-induced warming world oceans', 'film conclusion emphasises scientific consensus human-induced climate change']"
claim-2236,['majority peer reviewed research time predicted warming due increasing co2'],"['evidence-722375', 'evidence-620111', 'evidence-143084', 'evidence-865377', 'evidence-932693']","['induced aggravated human activities e g', 'analogy made athlete steroids human-induced climate change', 'human-induced warming climate expected continue throughout 21st century beyond', 'penetration human-induced warming world oceans', 'film conclusion emphasises scientific consensus human-induced climate change']"
claim-1040,['evidence earth’s orbital variations impact radiation levels thus global temperatures course mean man way impacting climate studies like highlight role man plays planet dwarfed natural phenomena utterly control'],"['evidence-722375', 'evidence-620111', 'evidence-143084', 'evidence-865377', 'evidence-932693']","['induced aggravated human activities e g', 'analogy made athlete steroids human-induced climate change', 'human-induced warming climate expected continue throughout 21st century beyond', 'penetration human-induced warming world oceans', 'film conclusion emphasises scientific consensus human-induced climate change']"
claim-392,['study totally debunks whole concept man-made global warming'],"['evidence-722375', 'evidence-620111', 'evidence-143084', 'evidence-865377', 'evidence-932693']","['induced aggravated human activities e g', 'analogy made athlete steroids human-induced climate change', 'human-induced warming climate expected continue throughout 21st century beyond', 'penetration human-induced warming world oceans', 'film conclusion emphasises scientific consensus human-induced climate change']"
claim-368,['recent ipcc report lays future limit global heating 1 5°c instead paris agreement’s 2°c'],"['evidence-722375', 'evidence-620111', 'evidence-143084', 'evidence-865377', 'evidence-932693']","['induced aggravated human activities e g', 'analogy made athlete steroids human-induced climate change', 'human-induced warming climate expected continue throughout 21st century beyond', 'penetration human-induced warming world oceans', 'film conclusion emphasises scientific consensus human-induced climate change']"
claim-559,['lot evidence climate change diminishing biodiversity seen alpine meadows well'],"['evidence-722375', 'evidence-620111', 'evidence-143084', 'evidence-865377', 'evidence-932693']","['induced aggravated human activities e g', 'analogy made athlete steroids human-induced climate change', 'human-induced warming climate expected continue throughout 21st century beyond', 'penetration human-induced warming world oceans', 'film conclusion emphasises scientific consensus human-induced climate change']"
claim-2583,['unit co2 put atmosphere less less warming impact'],"['evidence-722375', 'evidence-620111', 'evidence-143084', 'evidence-865377', 'evidence-971588']","['induced aggravated human activities e g', 'analogy made athlete steroids human-induced climate change', 'human-induced warming climate expected continue throughout 21st century beyond', 'penetration human-induced warming world oceans', 'rational desires induced many things desire see get told induced believe good']"
claim-2609,['individual carbon dioxide molecules short life time around 5 years atmosphere'],"['evidence-722375', 'evidence-620111', 'evidence-143084', 'evidence-865377', 'evidence-699212']","['induced aggravated human activities e g', 'analogy made athlete steroids human-induced climate change', 'human-induced warming climate expected continue throughout 21st century beyond', 'penetration human-induced warming world oceans', 'cumulative anthropogenic e human-emitted emissions co 2 fossil fuel use major cause global warming give indication countries contributed human-induced climate change']"
claim-492,['like claims regarding global warming real effect small probably temporary likely due natural weather patterns'],"['evidence-722375', 'evidence-307834', 'evidence-540292', 'evidence-865377', 'evidence-699212']","['induced aggravated human activities e g', 'study nature climates – local regional global – natural human-induced factors cause climates change', 'global warming contributes 0 6°c', 'penetration human-induced warming world oceans', 'cumulative anthropogenic e human-emitted emissions co 2 fossil fuel use major cause global warming give indication countries contributed human-induced climate change']"
claim-1420,['concentrated atmosphere gases allow warmth sun’s rays reflected earth dispersed space'],"['evidence-722375', 'evidence-620111', 'evidence-143084', 'evidence-865377', 'evidence-699212']","['induced aggravated human activities e g', 'analogy made athlete steroids human-induced climate change', 'human-induced warming climate expected continue throughout 21st century beyond', 'penetration human-induced warming world oceans', 'cumulative anthropogenic e human-emitted emissions co 2 fossil fuel use major cause global warming give indication countries contributed human-induced climate change']"
claim-1089,['last year’s warmth manifested across planet warm tropical ocean waters coast northeastern australia great barrier reef experienced worst coral bleaching event record large scale coral death arctic sea ice hit regular monthly record lows overall temperatures also warmest record least january september 2016'],"['evidence-800613', 'evidence-742972', 'evidence-68000', 'evidence-1087424', 'evidence-1191135']","['release part series singles released cold cave 2013', '0 ° c freezing point water celsius scale', 'celsius family swedish family anders celsius inventor celsius temperature scale belongs', 'helicobacter typhlonius grow 37 degrees celsius well 42 degrees celsius however cannot grown 25 degrees celsius presence 1 5% sodium chloride', '1742 anders celsius swedish astronomer proposed centigrade temperature scale predecessor current celsius scale']"
claim-1467,['amount carbon dioxide absorbed upper layer oceans increasing 2 billion tons per year'],"['evidence-722375', 'evidence-620111', 'evidence-143084', 'evidence-865377', 'evidence-971588']","['induced aggravated human activities e g', 'analogy made athlete steroids human-induced climate change', 'human-induced warming climate expected continue throughout 21st century beyond', 'penetration human-induced warming world oceans', 'rational desires induced many things desire see get told induced believe good']"
claim-444,['carbon dioxide trace gas ”'],"['evidence-722375', 'evidence-620111', 'evidence-143084', 'evidence-865377', 'evidence-932693']","['induced aggravated human activities e g', 'analogy made athlete steroids human-induced climate change', 'human-induced warming climate expected continue throughout 21st century beyond', 'penetration human-induced warming world oceans', 'film conclusion emphasises scientific consensus human-induced climate change']"
claim-803,['team climate scientists notes failing predict warming ‘hiatus’ beginning 21st century intergovernmental panel climate change ipcc models overestimated temperature increases…'],"['evidence-1170010', 'evidence-722375', 'evidence-620111', 'evidence-865377', 'evidence-932693']","['unanimous agreement found among models future climate change reduce efficiency land ocean carbon cycle absorb human-induced co result larger fraction human-induced co stay airborne climate change controls carbon cycle', 'induced aggravated human activities e g', 'analogy made athlete steroids human-induced climate change', 'penetration human-induced warming world oceans', 'film conclusion emphasises scientific consensus human-induced climate change']"
claim-1668,['thick arctic sea ice rapid retreat'],"['evidence-722375', 'evidence-620111', 'evidence-143084', 'evidence-865377', 'evidence-971588']","['induced aggravated human activities e g', 'analogy made athlete steroids human-induced climate change', 'human-induced warming climate expected continue throughout 21st century beyond', 'penetration human-induced warming world oceans', 'rational desires induced many things desire see get told induced believe good']"
claim-742,['global human emissions 3 per cent total annual emissions'],"['evidence-722375', 'evidence-620111', 'evidence-143084', 'evidence-865377', 'evidence-971588']","['induced aggravated human activities e g', 'analogy made athlete steroids human-induced climate change', 'human-induced warming climate expected continue throughout 21st century beyond', 'penetration human-induced warming world oceans', 'rational desires induced many things desire see get told induced believe good']"
claim-846,['words trapped arctic permafrost twice much carbon currently wrecking atmosphere planet scheduled released date keeps getting moved partially form gas multiplies warming power 86 times'],"['evidence-722375', 'evidence-620111', 'evidence-143084', 'evidence-865377', 'evidence-971588']","['induced aggravated human activities e g', 'analogy made athlete steroids human-induced climate change', 'human-induced warming climate expected continue throughout 21st century beyond', 'penetration human-induced warming world oceans', 'rational desires induced many things desire see get told induced believe good']"
claim-2119,['lindzen choi find low climate sensitivity'],"['evidence-722375', 'evidence-620111', 'evidence-143084', 'evidence-865377', 'evidence-971588']","['induced aggravated human activities e g', 'analogy made athlete steroids human-induced climate change', 'human-induced warming climate expected continue throughout 21st century beyond', 'penetration human-induced warming world oceans', 'rational desires induced many things desire see get told induced believe good']"
claim-1167,['lake-bottom sediments florida tell us recent major hurricane activity gulf mexico less frequent centuries past'],"['evidence-722375', 'evidence-620111', 'evidence-143084', 'evidence-865377', 'evidence-971588']","['induced aggravated human activities e g', 'analogy made athlete steroids human-induced climate change', 'human-induced warming climate expected continue throughout 21st century beyond', 'penetration human-induced warming world oceans', 'rational desires induced many things desire see get told induced believe good']"
claim-623,['noted oceanographer walter munk referred sea-level rise “enigma”'],"['evidence-722375', 'evidence-620111', 'evidence-143084', 'evidence-865377', 'evidence-971588']","['induced aggravated human activities e g', 'analogy made athlete steroids human-induced climate change', 'human-induced warming climate expected continue throughout 21st century beyond', 'penetration human-induced warming world oceans', 'rational desires induced many things desire see get told induced believe good']"
claim-2882,['trenberth views clarified paper imperative climate change planning tracking earth global energy'],"['evidence-722375', 'evidence-620111', 'evidence-143084', 'evidence-865377', 'evidence-932693']","['induced aggravated human activities e g', 'analogy made athlete steroids human-induced climate change', 'human-induced warming climate expected continue throughout 21st century beyond', 'penetration human-induced warming world oceans', 'film conclusion emphasises scientific consensus human-induced climate change']"
claim-1698,['around 97% climate experts agree humans causing global warming'],"['evidence-722375', 'evidence-620111', 'evidence-143084', 'evidence-865377', 'evidence-932693']","['induced aggravated human activities e g', 'analogy made athlete steroids human-induced climate change', 'human-induced warming climate expected continue throughout 21st century beyond', 'penetration human-induced warming world oceans', 'film conclusion emphasises scientific consensus human-induced climate change']"
claim-181,['reefs need carbon dioxide it’s basic food'],"['evidence-722375', 'evidence-620111', 'evidence-143084', 'evidence-865377', 'evidence-971588']","['induced aggravated human activities e g', 'analogy made athlete steroids human-induced climate change', 'human-induced warming climate expected continue throughout 21st century beyond', 'penetration human-induced warming world oceans', 'rational desires induced many things desire see get told induced believe good']"
claim-281,['interview bbc scandal broke dr jones admitted statistically significant global warming since 1995'],"['evidence-722375', 'evidence-620111', 'evidence-143084', 'evidence-865377', 'evidence-971588']","['induced aggravated human activities e g', 'analogy made athlete steroids human-induced climate change', 'human-induced warming climate expected continue throughout 21st century beyond', 'penetration human-induced warming world oceans', 'rational desires induced many things desire see get told induced believe good']"
claim-2809,['motions massive oceans heat moved deep layers surface provides variability time scales years centuries'],"['evidence-722375', 'evidence-620111', 'evidence-143084', 'evidence-865377', 'evidence-971588']","['induced aggravated human activities e g', 'analogy made athlete steroids human-induced climate change', 'human-induced warming climate expected continue throughout 21st century beyond', 'penetration human-induced warming world oceans', 'rational desires induced many things desire see get told induced believe good']"
claim-1928,['nasa finds antarctica gaining ice'],"['evidence-722375', 'evidence-620111', 'evidence-143084', 'evidence-865377', 'evidence-971588']","['induced aggravated human activities e g', 'analogy made athlete steroids human-induced climate change', 'human-induced warming climate expected continue throughout 21st century beyond', 'penetration human-induced warming world oceans', 'rational desires induced many things desire see get told induced believe good']"
claim-2787,['hansen 1988 results evidence actual climate sensitivity 3°c doubling atmospheric co2'],"['evidence-722375', 'evidence-620111', 'evidence-143084', 'evidence-865377', 'evidence-971588']","['induced aggravated human activities e g', 'analogy made athlete steroids human-induced climate change', 'human-induced warming climate expected continue throughout 21st century beyond', 'penetration human-induced warming world oceans', 'rational desires induced many things desire see get told induced believe good']"
claim-478,['protecting restoring forests would reduce 18% emissions 2030'],"['evidence-722375', 'evidence-620111', 'evidence-143084', 'evidence-865377', 'evidence-971588']","['induced aggravated human activities e g', 'analogy made athlete steroids human-induced climate change', 'human-induced warming climate expected continue throughout 21st century beyond', 'penetration human-induced warming world oceans', 'rational desires induced many things desire see get told induced believe good']"
claim-988,['unlikely scenarios sudden becoming probable thought ’ says sweet ”'],"['evidence-722375', 'evidence-620111', 'evidence-143084', 'evidence-865377', 'evidence-971588']","['induced aggravated human activities e g', 'analogy made athlete steroids human-induced climate change', 'human-induced warming climate expected continue throughout 21st century beyond', 'penetration human-induced warming world oceans', 'rational desires induced many things desire see get told induced believe good']"
claim-266,['ipcc longer includes ‘hockey stick’ chart reports'],"['evidence-722375', 'evidence-620111', 'evidence-143084', 'evidence-865377', 'evidence-971588']","['induced aggravated human activities e g', 'analogy made athlete steroids human-induced climate change', 'human-induced warming climate expected continue throughout 21st century beyond', 'penetration human-induced warming world oceans', 'rational desires induced many things desire see get told induced believe good']"
claim-2282,['isolated cases growing glaciers overwhelming trend glaciers worldwide retreat'],"['evidence-722375', 'evidence-620111', 'evidence-143084', 'evidence-865377', 'evidence-699212']","['induced aggravated human activities e g', 'analogy made athlete steroids human-induced climate change', 'human-induced warming climate expected continue throughout 21st century beyond', 'penetration human-induced warming world oceans', 'cumulative anthropogenic e human-emitted emissions co 2 fossil fuel use major cause global warming give indication countries contributed human-induced climate change']"
claim-2895,['latest measurements involve use satellite gravimetry estimating mass terrain beneath detecting slight changes gravity satellite passes overhead'],"['evidence-985657', 'evidence-127475', 'evidence-1126083', 'evidence-340555', 'evidence-272633']","['cause unknown', 'cold spring township erected 1857 taking name cold springs area', 'cold sulphur springs called cold soufrière located near village', 'conversely cold cause plant bio-cycles lag', 'includes studio version ``cold cold water acoustic renditions songs advisory committee album']"
claim-349,['evidence increase floods globally'],"['evidence-722375', 'evidence-768881', 'evidence-865377', 'evidence-817759', 'evidence-595732']","['induced aggravated human activities e g', 'tropical glaciers uncommon glaciers variety reasons', 'penetration human-induced warming world oceans', 'scientific literature strong consensus global surface temperatures increased recent decades trend caused human-induced emissions greenhouse gases', 'also several interesting surface features including crevasses table top forms large surface boulders left stranded glaciers surface']"
claim-2101,['clouds provide negative feedback'],"['evidence-917580', 'evidence-266501', 'evidence-212120', 'evidence-768881', 'evidence-595732']","['mountain covered glaciers', 'examination 32 outlet glaciers southeast greenland indicates acceleration significant marine-terminating outlet glaciers—glaciers calve ocean', '2005 aerial survey alaskan coastal glaciers identified dozen glaciers many former tidewater calving glaciers including grand plateau alsek bear excelsior glaciers rapidly retreating', 'tropical glaciers uncommon glaciers variety reasons', 'also several interesting surface features including crevasses table top forms large surface boulders left stranded glaciers surface']"
claim-897,['report […] found united states one pollution-free nations world ”'],"['evidence-917580', 'evidence-722375', 'evidence-212120', 'evidence-865377', 'evidence-768881']","['mountain covered glaciers', 'induced aggravated human activities e g', '2005 aerial survey alaskan coastal glaciers identified dozen glaciers many former tidewater calving glaciers including grand plateau alsek bear excelsior glaciers rapidly retreating', 'penetration human-induced warming world oceans', 'tropical glaciers uncommon glaciers variety reasons']"
claim-3063,['another global warming myth comes crashing'],"['evidence-722375', 'evidence-620111', 'evidence-143084', 'evidence-768881', 'evidence-865377']","['induced aggravated human activities e g', 'analogy made athlete steroids human-induced climate change', 'human-induced warming climate expected continue throughout 21st century beyond', 'tropical glaciers uncommon glaciers variety reasons', 'penetration human-induced warming world oceans']"
claim-386,['renew\xadables wind turbines environmentally disastrous pollute huge land area slice dice birds bats kill insects bird food create health problems humans live within kilometres leave toxins around turbine site despoil landscape'],"['evidence-917580', 'evidence-266501', 'evidence-705259', 'evidence-212120', 'evidence-768881']","['mountain covered glaciers', 'examination 32 outlet glaciers southeast greenland indicates acceleration significant marine-terminating outlet glaciers—glaciers calve ocean', 'shaped ice age glaciers', '2005 aerial survey alaskan coastal glaciers identified dozen glaciers many former tidewater calving glaciers including grand plateau alsek bear excelsior glaciers rapidly retreating', 'tropical glaciers uncommon glaciers variety reasons']"
claim-2691,['myriad radiative forcings affect planet energy imbalance'],"['evidence-722375', 'evidence-620111', 'evidence-143084', 'evidence-865377', 'evidence-971588']","['induced aggravated human activities e g', 'analogy made athlete steroids human-induced climate change', 'human-induced warming climate expected continue throughout 21st century beyond', 'penetration human-induced warming world oceans', 'rational desires induced many things desire see get told induced believe good']"
claim-530,['south australia winning unreliable grid world outside africa expensive electricity'],"['evidence-917580', 'evidence-722375', 'evidence-212120', 'evidence-865377', 'evidence-889933', 'evidence-768881']","['mountain covered glaciers', 'induced aggravated human activities e g', '2005 aerial survey alaskan coastal glaciers identified dozen glaciers many former tidewater calving glaciers including grand plateau alsek bear excelsior glaciers rapidly retreating', 'penetration human-induced warming world oceans', 'multiple independently produced instrumental datasets confirm 2009–2018 decade 0 93 ± 0 07 °c warmer pre-industrial baseline 1850–1900', 'tropical glaciers uncommon glaciers variety reasons']"
claim-2979,['water vapor helps trap heat far strongest major greenhouse gases contributing 36–72 percent greenhouse effect'],"['evidence-889933', 'evidence-1043958', 'evidence-934030', 'evidence-384760', 'evidence-323541', 'evidence-38396']","['multiple independently produced instrumental datasets confirm 2009–2018 decade 0 93 ± 0 07 °c warmer pre-industrial baseline 1850–1900', 'increase number objectives trying achieve also increase number constraints problem similarly increase complexity', 'second line two thirds curved upper third interrupted middle vertical two thirds inner margin lower third', 'proposal increase number representatives one three approved requisite two-thirds majority passed', 'increase temperatures worldwide due climate change increase flooding unavoidable', 'last 100 years earth average surface temperature increased 0 8 °c 1 4 °f two thirds increase occurring last three decades']"
claim-665,['many scientists surprised researchers subsequently found ringed bearded seals primary prey polar bears north bering strait especially thrived longer open-water season particularly conducive fishing'],"['evidence-917580', 'evidence-719989', 'evidence-212120', 'evidence-768881', 'evidence-595732']","['mountain covered glaciers', 'humans also cause surface water lost e', '2005 aerial survey alaskan coastal glaciers identified dozen glaciers many former tidewater calving glaciers including grand plateau alsek bear excelsior glaciers rapidly retreating', 'tropical glaciers uncommon glaciers variety reasons', 'also several interesting surface features including crevasses table top forms large surface boulders left stranded glaciers surface']"
claim-199,['past warming never threat life earth'],"['evidence-280055', 'evidence-476145', 'evidence-1043958', 'evidence-89318', 'evidence-323541']","['studies found increase sea surface temperature may offset increase wind shear leading little change hurricane activity', 'however increase awareness always result increase perceived threat', 'increase number objectives trying achieve also increase number constraints problem similarly increase complexity', 'rate would increase amount cost living increase applied social security', 'increase temperatures worldwide due climate change increase flooding unavoidable']"
claim-490,['ipcc report warning last week world “nowhere near track” meet paris commitments'],"['evidence-917580', 'evidence-722375', 'evidence-216073', 'evidence-212120', 'evidence-768881']","['mountain covered glaciers', 'induced aggravated human activities e g', 'small temperature increase degrees almost immediate adverse effect tropical glaciers', '2005 aerial survey alaskan coastal glaciers identified dozen glaciers many former tidewater calving glaciers including grand plateau alsek bear excelsior glaciers rapidly retreating', 'tropical glaciers uncommon glaciers variety reasons']"
claim-2400,['suddenly label co2 pollutant disservice gas played enormous role development sustainability life wonderful earth'],"['evidence-917580', 'evidence-722375', 'evidence-212120', 'evidence-865377', 'evidence-768881']","['mountain covered glaciers', 'induced aggravated human activities e g', '2005 aerial survey alaskan coastal glaciers identified dozen glaciers many former tidewater calving glaciers including grand plateau alsek bear excelsior glaciers rapidly retreating', 'penetration human-induced warming world oceans', 'tropical glaciers uncommon glaciers variety reasons']"
claim-204,['natural orbitally driven warming atmospheric carbon dioxide content increases 800 years later'],"['evidence-722375', 'evidence-216073', 'evidence-768881', 'evidence-1043958', 'evidence-476145']","['induced aggravated human activities e g', 'small temperature increase degrees almost immediate adverse effect tropical glaciers', 'tropical glaciers uncommon glaciers variety reasons', 'increase number objectives trying achieve also increase number constraints problem similarly increase complexity', 'however increase awareness always result increase perceived threat']"
claim-1426,['many world’s coral reefs already barren state constant decline'],"['evidence-722375', 'evidence-620111', 'evidence-143084', 'evidence-865377', 'evidence-29392']","['induced aggravated human activities e g', 'analogy made athlete steroids human-induced climate change', 'human-induced warming climate expected continue throughout 21st century beyond', 'penetration human-induced warming world oceans', 'way athlete performance may increase using steroids human-induced climate change increases risk extreme weather events']"
claim-698,['recent study led lawrence livermore national laboratory climate scientist ben santer found models ran hot ‘overestimation’ ‘partly due systematic deficiencies post-2000 external forcings used model simulations ’'],"['evidence-68000', 'evidence-722375', 'evidence-391922', 'evidence-1057523', 'evidence-190554', 'evidence-865377']","['celsius family swedish family anders celsius inventor celsius temperature scale belongs', 'induced aggravated human activities e g', 'global losses reveal rapidly rising costs due extreme weather-related events since 1970s', 'pilot-induced oscillation result over-sensitive yet slow-response steering system determined cause', 'slow grand age rich increase', 'penetration human-induced warming world oceans']"
claim-1021,['corals may save many creatures attempting moving toward poles earth warms establishing new reefs cooler water ”'],"['evidence-8189', 'evidence-722375', 'evidence-391922', 'evidence-620111', 'evidence-143084', 'evidence-865377']","['human-induced forcings needed reproduce late-20th century warming', 'induced aggravated human activities e g', 'global losses reveal rapidly rising costs due extreme weather-related events since 1970s', 'analogy made athlete steroids human-induced climate change', 'human-induced warming climate expected continue throughout 21st century beyond', 'penetration human-induced warming world oceans']"
