claim_id,claim_text
claim-2967,contribution waste heat global climate 0 028 w/m2
claim-979,“warm weather worsened recent five-year drought included driest four-year period record terms statewide precipitation
claim-1609,greenland lost tiny fraction ice mass
claim-1020,“the global reef crisis necessarily mean extinction coral species
claim-2599,small amounts active substances cause large effects
claim-2110,changed name global warming climate change
claim-1135,scientists confirm mass bleaching event great barrier reef year killed corals ever two thirds destroyed across large swathes biodiverse site
claim-712,“instead three-foot increase ocean levels end century six feet likely according deconto pollard’s findings
claim-1307,new study scientists australian research council finds ongoing bleaching event mainly due human-caused global warming global warming proceeds currently expected “large parts” great barrier reef could die mid-2030s
claim-148,previous ipcc reports tended assume clouds would neutral impact warming cooling feedbacks would cancel
claim-903,growers regularly pump co2 greenhouses raising levels three times natural environment produce stronger greener healthier plants ”
claim-2942,it’s usually taken fact carbon dioxide concentrations atmosphere increase 1 per cent co2 that’s heavier carbon isotope ratio c13 declines proportion
claim-1001,‘this study goes beyond statistical correlations explores specific process plausibly explain enhanced high-latitude warming trends may trigger remote weather impacts ’ said
claim-1034,odds correctly guessing outcome flipped coin 1 2 odds guessing correctly twice row 1 4 —
claim-1009,‘arctic ice conditions tracking record low conditions since october persisting six consecutive months’
claim-770,[co2] increased 43 percent pre-industrial level far
claim-3074,fourth assessment report ar4 likely range given 2 0°c 4 5°c best estimate 3 0°c pat michaels
claim-1761,multiple lines evidence make clear rise atmospheric co2 due human emissions
claim-1475,500 scientists professionals climate related fields sent european climate declaration secretary-general united nations
claim-477,scientists say halting deforestation ‘just urgent’ reducing emissions
claim-1378,antarctica gaining land-based ice according new study nasa scientists published journal glaciology
claim-503,“during sunless winter heatwave raised concerns polar vortex may eroding
claim-2751,argument solving global warming problem reducing human greenhouse gas emissions hard generally stems belief technology sufficiently advanced achieve significant emissions reductions
claim-2575,last 30-40 years 80% coral caribbean destroyed 50% indonesia pacific
claim-30,bushfires [in australia] caused arsonists series lightning strikes climate change
claim-2994,mauna loa producing readout supports manning predetermined goal showing steady growth atmospheric co2 concentrations since 1959
claim-55,[t]he raw data actual thermometer data[ shows us cooling 80 90 years
claim-1271,greenland ice sheet … would balloon sea levels around 7m disintegrate
claim-2248,climate sensitivity calculated empirically comparing past temperature change natural forcings time
claim-532,never mind emissions carbon dioxide make maintain wind solar industrial complex far greater ever save
claim-556,april low temperatures 6 degrees fahrenheit warmer used
claim-1173,[…]until develop practical cost-competitive alternative fossil fuels unlikely renewable energy ever make 15-20% global energy requirements
claim-539,note earth never history quasi-stable state around 2c warmer preindustrial suggest substantial risk system ‘want’ continue warming processes – even stop emissions ” said
claim-893,france g7 countries lamented u exit paris climate accord america’s air already cleaner country g7 except canada scant population
claim-2857,weather chaotic air light low friction viscosity expands strongly contact hot surfaces conducts heat poorly
claim-109,local regional sea levels continue exhibit typical natural variability—in places rising others falling
claim-2476,global dimming trend reversed around 1990 15 years global warming trend began mid 1970
claim-3038,clearly factors besides atmospheric carbon influence earth temperatures global warming
claim-3127,skeptics hope postma’s alternative thermal model lead birth new climatology one actually follows laws physics properly physical modeling techniques
claim-474,sea ice continued declining trend arctic antarctic
claim-2464,natural forcings account much early 20th century warming humans played role well
claim-2427,time co2 emissions already risen expanded use coal powered industrial revolution emissions increased slowly 3 5gigatonnes 1910 4gigatonnes end second world war
claim-2167,royal society embraces skepticism
claim-812,human contribution 30 percent total rainfall coming storm
claim-2590,argument originates angstrom work 1901
claim-404,actual weather records past 100 years show correlation rising carbon dioxide levels local temperatures
claim-2977,according study carbon levels risen cold air high altitudes tropics actually grown colder
claim-2673,changed name “global warming” “climate change” term global warming wasn’t working cold
claim-2509,1905 pdo switched warm phase
claim-138,result half people surveyed around world last year said thought climate change would make humanity extinct
claim-952,alaskan tundra warming quickly become net emitter carbon dioxide ahead schedule new study finds
claim-1691,sea level rise increasing faster predicted due unexpectedly rapid ice melting
claim-1741,volcanoes warming effect recent global warming anything cooling effect
claim-1202,discrepancy model-predicted warming lower real-world observations inspired new respect natural climate variability relative greenhouse-gas forcing
claim-1028,second coat paint much less effect adding third fourth coat almost impact ”
claim-28,volcanoes melting west antarctic glaciers global warming
claim-275,temperature increases began slow 1998 remained relatively stable period 15 years
claim-350,since 1965 parts u seen decrease flooding seen increase
claim-2204,indicators show global warming still happening
claim-1604,co2 increase natural human-caused
claim-3119,co2 constitutes 80% non-condensing greenhouse gas forcing
claim-2150,adapting global warming cheaper preventing
claim-21,sea level rise slow constant pre-dating industrialization
claim-2013,u sen ron johnson voted let oil gas companies emit unlimited carbon pollution air
claim-467,south pole ice 90% earth’s ice it’s getting thicker
claim-2754,many urgent priorities need attention congress invited guest country say
claim-2797,global brightening caused changes cloud cover reflective aerosols absorbing aerosols
claim-1771,peer-reviewed research physics math tell us grand solar minimum would 0 3°c cooling effect barely enough put dent human-caused global warming
claim-1908,reality gas produced fracking worse climate coal
claim-2000,single candidate republican primary thinks anything climate change
claim-2084,hurricanes linked global warming
claim-1237,last sea-level high point … occurred last two ice ages 125 000 years ago
claim-400,idea climate change producing heat records across earth among egregious manipulations data absurd global warming debate
claim-1508,global warming ceased around end twentieth century followed since 1997 19 years stable temperature
claim-520,1 25 per cent carbon dioxide atmosphere-ocean system released ­humans past 250 years
claim-3064,warming since least 1995 melting glaciers rising sea levels
claim-1588,melting ice warming arctic
claim-1488,new study confirms evs considerably worse climate diesel cars
claim-2733,number independent studies using near-global satellite data find positive feedback high climate sensitivity
claim-809,early 20th century state federal governments began aggressively fighting wildfires trying keep small possible
claim-763,plants – like algae use carbon photosynthesis – may even benefit
claim-454,man-made greenhouse gases play insignificant role ”
claim-1853,barack obama supports proposals devote billions dollars annually state game fish agencies federal land management agencies help ensure fish wildlife survive impacts climate change
claim-2838,data reported university illinois arctic climate research center derived satellite observations northern southern hemisphere polar regions daily tech
claim-2028,cutting speed limits could slow climate change
claim-2434,ipcc blames human emissions carbon dioxide last warming
claim-298,peer-reviewed papers even go far say recent warming chiefly anthropogenic
claim-338,rapid assessment average temperatures france 26-28 june showed “substantial” increase likelihood heatwave happening result human-caused global warming experts world weather attribution group said
claim-1672,global temperature still rising 2010 hottest recorded
claim-2840,arctic sea ice also falling accelerated rate
claim-1425,year sees disappearance thousands plant animal species never know children never see lost ever
claim-1985,north pole melting bit south pole getting bigger
claim-1156,costs emissions regulations paid everyone punishingly high provide benefits people anywhere world
claim-2870,ironically mispresenting hulme paper ones misleading
claim-2898,report suggests significantly smaller overall ice-mass losses previous estimates
claim-2329,know northwest passage open
claim-1998,link climate change nsw bushfires
claim-2209,surface temperatures show short-term cooling heat exchanged atmosphere ocean much greater heat capacity air
claim-1582,tuvalu sea level rising
claim-3072,paper science magazine concludes climate sensitivity—how much earth’s average temperature rise result doubling atmospheric concentration carbon dioxide—likely 66% probability lies range 1 7°c 2 6°c median value 2 3°c
claim-381,[subsidies wind solar] add emissions coal-fired elec­tricity needs standby wind sunshine
claim-398,nothing stop earth’s naturally occurring climate cycles
claim-1560,sea level rise predictions exaggerated
claim-2246,[dr spencer s] latest research demonstrates – short term rate – temperature feedbacks ipcc imagines greatly amplify initial warming caused co2 net-negative attenuating warming supposed enhance
claim-2774,actual reconstructions diverge instrumental series last part 20th century
claim-972,“arctic land stores twice much carbon atmosphere
claim-1531,earth’s climate changing faster point history modern civilization primarily result human activities
claim-2592,july 6 2007 study published journal science greenland international team scientists found dna “evidence suggests frozen shield covering immense island survived earth’s last period global warming ” according boston globe article
claim-2468,satellite measurements indicate absence significant global warming since 1979 period human carbon dioxide emissions increasing rapidly
claim-463,“so we’re able explain natural factors we’ve 20th century warming
claim-616,effect long-term warming make harder count snowmelt runoff wet times
claim-1240,“ice-free means central basin arctic ice-free
claim-2951,two cited composites pmod acrim
claim-1977,climate-change agreement united states china requires chinese nothing 16 years
claim-942,‘we could decades fast decades slow ’said one robert deconto university massachusetts amherst
claim-2755,global warming increasingly urgent problem
claim-1230,pacific coast climate pattern pushed billions gallons water toward asia ending coming decades sea likely rise quickly states like oregon california
claim-3123,given doubling carbon dioxide would change surface heat flux two watts per square meter evident small change cloud cover strongly affect response carbon dioxide
claim-1684,2nd law thermodynamics consistent greenhouse effect directly observed
claim-839,“even meet paris goals two degrees warming cities like karachi kolkata become close uninhabitable annually encountering deadly heat waves like crippled 2015
claim-2423,arctic sea ice steadily thinning even last years surface ice eg sea ice extent increased slightly
claim-1243,mean central arctic ice-free
claim-494,massachusetts bay colony 1635 experienced category 3 4 storm 20-foot storm surge
claim-1458,glaciers retreating almost everywhere around world — including alps himalayas andes rockies alaska africa
claim-461,temperatures cooled 1940 1975 rose ’75 2005 since they’ve flat cooling
claim-1304,letter times lord krebs company essentially telling newspaper stop reporting less-than-negative climate stories
claim-2564,small warming likely result natural alterations global ocean currents driven ocean salinity variations
claim-2121,infrared iris reduce global warming
claim-2631,temperatures expected change much 10 fahrenheit degrees different places globe
claim-1141,“while record low sea ice nothing new arctic surprising turn events antarctic
claim-2398,direct ways co2 pollutant acidification ocean primary impact greenhouse warming effect
claim-1048,transient weather variability playing key role widespread record warmth across u far year part long-term trend toward warm temperature records versus cold ones
claim-2783,study indicates far less future global warming occur united nations computer models predicted supports prior studies indicating increases atmospheric carbon dioxide trap far less heat alarmists claimed
claim-1003,recent study nature geoscience instance called question whether arctic’s melting particular sea ice loss causing winter cooling eurasia another idea swept debate jet stream weather extremes ”
claim-1872,donald trump claims global warming hoax
claim-1842,video shows koko gorilla spontaneously using sign language issue warning climate change
claim-2411,note computer models concatenations calculations could hand-held calculator theoretical cannot part evidence
claim-2428,post war industrialization caused rapid rise global co2 emissions 1945 began earth already cooling phase started around 1942 continued 1975
claim-1198,” ‘you see gas america incredibly cheap fracking ’ says
claim-678,process cows emit much greenhouse gas consume far calories beans yield meat meaning far clearcutting forests farm cattle feed would necessary beans simply eaten people ”
claim-2105,excess co2 human emissions long residence time 100 years
claim-648,‘there enough nitrogen available sustain high carbon uptake scenarios ’
claim-822,climate policy must compete long-term threats always-scarce resources ”
claim-2561,observed sea levels actually tracking upper range ipcc projections
claim-2219,increase temperatures since 1975 consistent feature reconstructions
claim-1343,roughly three-quarters tidal flood days occurring towns along east coast would happening absence rise sea level caused human emissions
claim-1351,marginally significant warming trend data past several years erasing temperature plateau vexed climate alarmists found difficult explain
claim-2347,truth overwhelming majority climate-research funding comes federal government left-wing foundations
claim-293,measuring equipment gets old needs replacing often requires re-calibration
claim-910,cement iron steel petroleum refining industries could see production cut 21% 19% 11% respectively ”
claim-2815,new peer-reviewed study surface warming solar cycle found times high solar activity average 0 2°c warmer times low solar activity polar amplification warming
claim-1652,strong co2 effect observed many different measurements
claim-1212,technical lingo so-called social cost carbon would negative ”
